Geographic Area Name,ID,Total Below poverty level,Total Below poverty level AGE Under 18 years,Total Below poverty level AGE 18 to 64 years,Total Below poverty level White alone,Total Below poverty level Black or African American alone,Total Below poverty level American Indian and Alaska Native alone,Total Below poverty level Asian alone,Total Below poverty level Native Hawaiian and Other Pacific Islander alone,Total Below poverty level Some other race alone,Total Below poverty level Two or more races,Total Below poverty level Hispanic or Latino origin (of any race),Total Below poverty level 25 years and over,Total Below poverty level 25 years and over Less than high school graduate,Total Below poverty level 25 years and over High school graduate (includes equivalency),Total Below poverty level 25 years and over Some college associate's degree,Total Below poverty level 25 years and over Bachelor's degree or higher,Total Below poverty level Civilian labor force 16 years and over,Total Below poverty level Civilian labor force 16 years and over Employed,Total Below poverty level Civilian labor force 16 years and over Unemployed,Total Percent below poverty level,Total Percent below poverty level AGE Under 18 years,Total Percent below poverty level AGE 18 to 64 years,Total Percent below poverty level White alone,Total Percent below poverty level Black or African American alone,Total Percent below poverty level American Indian and Alaska Native alone,Total Percent below poverty level Asian alone,Total Percent below poverty level Native Hawaiian and Other Pacific Islander alone,Total Percent below poverty level Some other race alone,Total Percent below poverty level Two or more races,Total Percent below poverty level Hispanic or Latino origin (of any race),Total Percent below poverty level 25 years and over,Total Percent below poverty level 25 years and over Less than high school graduate,Total Percent below poverty level 25 years and over High school graduate (includes equivalency),Total Percent below poverty level 25 years and over Some college associate's degree,Total Percent below poverty level 25 years and over Bachelor's degree or higher,Total Percent below poverty level Civilian labor force 16 years and over,Total Percent below poverty level Civilian labor force 16 years and over Employed,Total Percent below poverty level Civilian labor force 16 years and over Unemployed
Accomack County,b'0500000US51001',6141,2260,3204,3277,2656,7,7,0,44,150,1522,3019,1133,1128,631,127,1278,1115,163,19.0,32.8,17.6,14.9,28.8,4.0,2.6,,15.8,45.9,52.7,13.0,26.4,13.2,10.7,2.8,9.0,8.1,29.3
Albemarle County,b'0500000US51003',9142,2290,5971,6575,1639,54,572,0,38,264,846,5148,1139,1283,1291,1435,2716,2356,360,9.1,10.7,10.0,7.9,17.4,21.2,13.2,0.0,4.8,11.9,14.7,7.2,20.6,11.5,8.5,3.6,5.1,4.6,27.7
Alleghany County,b'0500000US51005',2925,881,1737,2454,354,0,0,0,14,103,39,1819,522,835,414,48,439,329,110,19.7,31.8,20.1,17.9,42.1,,0.0,,18.4,64.4,17.3,16.5,35.2,18.7,12.2,2.9,7.2,5.6,40.4
Amelia County,b'0500000US51007',1375,368,710,810,565,0,0,0,0,0,271,851,335,370,85,61,351,243,108,10.7,13.3,9.2,8.3,20.7,0.0,,,,0.0,69.5,9.3,23.1,9.8,3.5,3.9,5.3,3.8,48.0
Amherst County,b'0500000US51009',4327,1219,2518,2821,1122,25,40,0,22,297,206,2283,735,816,545,187,1180,828,352,14.0,19.8,13.7,11.9,20.2,11.8,25.6,0.0,7.7,29.7,29.0,10.1,22.9,10.0,7.9,4.3,7.8,5.8,40.3
Appomattox County,b'0500000US51011',2062,759,1111,1112,834,0,7,0,0,109,53,1119,245,478,322,74,476,451,25,13.2,22.8,12.1,9.1,26.9,0.0,58.3,,0.0,37.5,20.4,10.1,16.0,12.7,9.3,3.2,6.4,6.2,10.3
Arlington County,b'0500000US51013',15625,2717,10739,7482,2698,110,2955,0,1775,605,3805,10167,1966,1787,1945,4469,5646,4595,1051,6.8,6.6,6.5,4.5,13.1,13.9,12.4,0.0,16.0,6.8,10.6,5.9,20.4,13.6,10.2,3.4,3.7,3.1,26.1
Augusta County,b'0500000US51015',6128,1660,3541,5638,243,0,19,24,70,134,556,3781,977,1794,633,377,1429,1256,173,8.7,11.8,8.5,8.4,16.2,0.0,4.3,23.5,29.8,11.2,30.7,7.3,16.3,9.2,4.6,3.0,3.9,3.6,13.5
Bath County,b'0500000US51017',460,39,350,320,68,0,0,0,12,60,25,366,69,205,48,44,144,116,28,10.9,5.4,13.4,8.3,54.8,0.0,0.0,,30.8,33.5,16.1,11.9,24.3,15.6,4.9,8.9,6.8,5.9,16.4
Bedford County,b'0500000US51019',6917,1697,4175,5504,919,0,247,0,154,93,223,4376,1215,1593,1018,550,1658,1380,278,8.9,10.9,9.1,7.9,17.4,0.0,26.2,0.0,54.4,5.8,13.4,7.8,21.8,9.4,5.9,3.3,4.3,3.7,20.0
Bland County,b'0500000US51021',564,126,279,564,0,0,0,0,0,0,0,374,36,246,92,0,169,116,53,10.3,12.3,9.0,10.4,0.0,,0.0,,,0.0,0.0,9.2,7.9,16.3,6.4,0.0,6.9,5.0,40.5
Botetourt County,b'0500000US51023',2126,519,1159,2023,78,6,7,0,0,12,15,1402,249,573,406,174,455,374,81,6.5,8.1,6.0,6.5,8.3,12.0,3.1,,0.0,2.0,2.7,5.8,14.5,7.3,5.2,2.5,2.7,2.3,15.4
Brunswick County,b'0500000US51025',2883,896,1609,672,2031,0,53,0,12,115,63,1661,624,595,399,43,719,493,226,20.4,32.8,20.0,10.9,27.2,,82.8,,9.4,37.7,20.6,16.0,28.8,16.7,13.0,2.7,11.0,8.3,37.2
Buchanan County,b'0500000US51027',5905,1560,3639,5741,146,4,0,0,14,0,14,3897,1575,1386,656,280,772,477,295,28.4,42.5,28.8,28.4,84.9,10.0,0.0,,16.1,0.0,20.9,24.8,33.3,25.6,17.9,14.8,11.2,7.4,59.2
Buckingham County,b'0500000US51029',2340,644,1270,1269,956,70,0,0,35,10,88,1556,439,670,332,115,657,487,170,15.8,21.5,14.5,13.2,20.3,83.3,0.0,,18.9,4.4,29.3,14.4,21.1,15.1,12.1,7.6,9.1,7.3,33.7
Campbell County,b'0500000US51031',5983,1530,3298,3985,1479,6,161,0,138,214,172,3736,1295,1284,858,299,1777,1545,232,11.0,14.2,10.0,9.0,19.6,5.7,32.2,0.0,42.7,13.8,12.5,9.5,26.0,10.2,6.7,3.3,6.5,5.8,22.8
Caroline County,b'0500000US51033',2466,790,1393,1171,912,48,0,0,10,325,138,1449,591,526,250,82,715,518,197,8.8,11.5,8.5,6.4,11.9,69.6,0.0,,1.5,29.2,14.5,7.4,20.1,7.1,4.6,2.2,5.0,3.8,36.6
Carroll County,b'0500000US51035',4315,895,2564,3894,117,55,13,0,46,190,321,2897,886,1030,774,207,1187,1027,160,14.6,16.3,15.0,13.5,57.1,72.4,76.5,,100.0,44.0,30.8,13.1,21.1,12.9,11.7,6.2,8.9,7.9,43.7
Charles City County,b'0500000US51036',919,213,500,413,409,36,13,0,0,48,0,656,247,251,110,48,250,223,27,13.2,20.2,11.8,13.5,12.9,7.8,19.4,,0.0,22.7,0.0,12.0,22.3,12.0,7.5,6.0,7.2,6.6,26.2
Charlotte County,b'0500000US51037',2798,934,1411,1942,820,0,0,0,4,32,222,1584,488,687,384,25,691,482,209,23.7,36.5,21.2,23.3,25.4,0.0,0.0,,26.7,18.0,88.4,19.0,35.6,20.3,14.3,2.7,12.9,9.6,65.1
Chesterfield County,b'0500000US51041',23060,7030,13510,12897,6971,45,877,0,1380,890,4884,12991,3148,4054,3350,2439,7287,5554,1733,6.8,8.7,6.5,5.6,9.1,4.4,7.4,0.0,14.7,8.4,16.2,5.6,18.0,7.5,5.1,2.6,4.0,3.2,19.6
Clarke County,b'0500000US51043',1080,300,619,821,56,0,33,0,76,94,77,701,175,306,137,83,295,272,23,7.6,10.5,7.3,6.4,8.0,,32.7,,35.8,24.9,9.9,6.8,16.1,10.2,4.9,2.5,3.9,3.8,6.9
Craig County,b'0500000US51045',451,86,303,451,0,0,0,0,0,0,0,277,92,124,61,0,112,98,14,8.9,9.1,9.9,9.0,,,,,,0.0,,7.3,26.6,8.8,5.4,0.0,4.5,4.1,29.8
Culpeper County,b'0500000US51047',3843,915,2404,2642,725,23,39,0,294,120,724,2504,858,873,480,293,1326,1075,251,7.8,7.6,8.2,7.0,10.6,12.4,4.7,0.0,14.3,7.6,14.5,7.5,19.2,8.6,4.9,3.3,5.1,4.4,18.8
Cumberland County,b'0500000US51049',1738,582,745,845,603,0,0,0,0,290,0,1015,434,352,228,1,450,401,49,17.8,31.1,13.0,13.6,20.6,0.0,0.0,,0.0,76.1,0.0,14.3,37.0,13.0,10.5,0.1,8.8,8.2,20.6
Dickenson County,b'0500000US51051',3665,1056,2134,3588,3,8,18,0,0,48,79,2381,849,871,619,42,524,375,149,25.7,36.9,25.4,25.5,9.4,100.0,100.0,,0.0,32.0,69.3,22.8,36.5,21.9,20.7,3.6,11.5,8.6,66.8
Dinwiddie County,b'0500000US51053',3371,902,1984,2111,1157,3,24,0,0,76,260,2335,740,1052,380,163,736,373,363,12.1,15.6,11.5,11.6,13.3,100.0,10.3,0.0,0.0,17.5,26.9,11.5,22.2,14.4,6.5,4.3,5.1,2.7,40.5
Essex County,b'0500000US51057',1835,565,1056,863,892,0,49,0,0,31,0,1154,339,530,188,97,512,341,171,16.8,25.4,16.7,14.3,20.7,,72.1,,0.0,16.9,0.0,14.8,24.7,18.0,8.8,7.2,9.3,6.7,45.5
Fairfax County,b'0500000US51059',69450,20768,40687,32992,11579,203,13177,159,6987,4353,18359,37721,8905,8379,7310,13127,24587,20141,4446,6.1,7.8,5.7,4.7,10.5,7.8,6.0,19.7,12.7,8.2,9.9,4.9,15.3,8.5,5.2,2.7,3.9,3.3,18.4
Fauquier County,b'0500000US51061',4030,1173,2177,3325,349,18,87,0,66,185,1030,2572,465,883,601,623,1094,995,99,5.8,7.2,5.2,5.5,6.8,6.9,7.4,0.0,13.1,8.3,18.0,5.4,13.1,7.0,4.2,3.6,2.9,2.8,8.4
Floyd County,b'0500000US51063',1613,279,1000,1373,67,48,7,0,118,0,115,1123,426,374,240,83,437,405,32,10.3,9.1,11.0,9.2,28.8,51.6,25.0,,100.0,0.0,24.9,9.7,28.9,9.1,7.1,3.3,5.8,5.5,18.6
Fluvanna County,b'0500000US51065',1370,315,924,724,338,0,0,0,165,143,188,959,238,354,179,188,290,278,12,5.5,6.2,6.2,3.6,10.1,0.0,0.0,0.0,81.3,17.8,21.4,5.3,16.2,8.3,3.0,2.9,2.2,2.2,3.8
Franklin County,b'0500000US51067',7869,2472,4429,6365,938,0,0,0,175,391,494,4817,1236,2240,1069,272,2092,1616,476,14.5,23.5,14.2,13.0,25.6,0.0,0.0,,52.6,38.8,34.3,11.9,26.4,15.9,8.4,3.0,8.2,6.6,40.0
Frederick County,b'0500000US51069',5229,1502,2767,4774,279,0,51,0,70,55,1104,3123,649,1420,744,310,1296,1022,274,6.2,7.7,5.4,6.2,9.1,0.0,4.4,0.0,10.2,2.3,15.0,5.3,10.4,7.5,4.4,1.8,2.9,2.4,19.0
Giles County,b'0500000US51071',1683,464,934,1622,30,0,4,3,0,24,110,1054,252,506,285,11,384,335,49,10.2,13.8,9.6,10.1,9.2,,25.0,10.7,0.0,15.6,37.5,8.8,19.2,10.9,7.4,0.5,4.9,4.5,12.6
Gloucester County,b'0500000US51073',3251,984,1854,2502,547,0,11,0,0,191,13,1977,557,615,614,191,639,531,108,8.8,13.6,8.1,7.7,16.7,0.0,4.0,,0.0,23.4,1.0,7.4,20.3,7.1,6.7,3.0,3.5,3.0,18.8
Goochland County,b'0500000US51075',1133,199,627,864,227,0,30,0,0,12,15,805,134,297,190,184,299,299,0,5.2,5.0,4.9,4.9,7.2,,10.1,,0.0,2.7,2.4,5.0,10.5,8.3,4.7,2.6,2.6,2.7,0.0
Grayson County,b'0500000US51077',3076,1032,1607,2864,176,0,4,0,5,27,86,1939,593,587,493,266,861,662,199,20.9,39.0,19.2,20.4,44.4,0.0,7.3,,7.8,20.0,17.1,17.5,29.0,15.0,14.1,16.4,12.6,10.3,52.8
Greene County,b'0500000US51079',1231,227,766,1066,139,0,26,0,0,0,22,913,247,336,194,136,435,379,56,6.4,4.9,6.6,6.3,13.4,0.0,7.8,,0.0,0.0,1.9,6.8,13.2,8.7,5.1,3.5,4.1,3.8,10.9
Greensville County,b'0500000US51081',1259,518,576,306,935,0,0,0,0,18,84,632,209,204,153,66,252,186,66,15.3,29.2,11.9,8.9,19.8,,,,,21.2,64.6,10.8,19.3,9.2,8.5,8.7,6.1,4.8,33.0
Halifax County,b'0500000US51083',4690,1088,2405,2065,2314,0,11,0,0,300,110,3270,1168,1269,672,161,985,814,171,13.9,15.5,12.6,9.9,20.0,0.0,4.0,,0.0,31.1,15.4,13.5,27.5,14.5,9.1,4.2,6.5,5.6,35.5
Hanover County,b'0500000US51085',5487,1482,3165,4249,749,43,130,0,174,142,234,3348,678,1243,814,613,1596,1355,241,5.3,6.4,5.0,4.8,7.8,14.5,8.2,0.0,22.9,6.3,7.6,4.6,13.7,6.7,4.0,2.1,2.8,2.5,15.8
Henrico County,b'0500000US51087',29673,10030,16291,13066,12114,8,1469,12,1577,1427,3700,16257,3789,4186,4726,3556,9783,7474,2309,9.1,13.6,8.0,7.1,12.6,1.2,5.4,9.2,24.9,12.6,20.1,7.2,20.9,8.8,7.8,3.6,5.4,4.3,28.7
Henry County,b'0500000US51089',9149,2958,5094,5819,2247,30,95,0,755,203,1272,5525,1758,2182,1352,233,1527,1073,454,18.1,29.9,17.7,15.8,19.7,100.0,29.5,,65.8,22.9,45.3,14.8,23.8,17.1,11.3,4.4,7.1,5.4,27.0
Highland County,b'0500000US51091',220,36,149,220,0,0,0,0,0,0,0,169,52,52,40,25,35,35,0,10.1,15.5,13.7,10.2,,0.0,,,,0.0,,9.0,24.2,7.2,7.8,5.9,3.9,4.0,0.0
Isle of Wight County,b'0500000US51093',3818,1360,2105,1697,1667,0,28,0,188,238,459,2004,543,608,670,183,1382,964,418,10.5,18.1,9.5,6.5,20.4,0.0,8.0,0.0,46.1,23.1,41.5,7.7,17.4,8.3,7.8,2.6,7.3,5.4,34.5
James City County,b'0500000US51095',5366,1485,3299,3923,1146,0,111,0,1,185,1117,2970,533,969,706,762,1569,1356,213,7.3,9.9,8.1,6.6,12.0,0.0,6.0,0.0,0.3,7.6,26.2,5.5,21.5,10.3,4.9,2.8,4.4,4.0,13.9
King and Queen County,b'0500000US51097',874,273,402,264,443,0,0,0,49,118,52,570,120,282,98,70,68,68,0,12.4,20.2,9.9,5.6,23.7,0.0,,,87.5,32.7,23.0,10.9,19.4,14.6,6.9,5.7,2.0,2.1,0.0
King George County,b'0500000US51099',1329,437,754,1016,273,11,9,0,0,20,44,775,149,318,244,64,407,328,79,5.1,6.6,4.7,5.0,6.4,22.0,2.6,,0.0,2.1,3.2,4.5,13.3,7.0,4.6,1.0,3.0,2.5,19.1
King William County,b'0500000US51101',1400,665,645,690,567,9,24,0,0,110,120,643,108,287,134,114,338,256,82,8.4,17.7,6.3,5.3,20.8,6.7,11.9,,0.0,26.8,27.1,5.6,12.0,7.3,3.2,4.7,3.9,3.1,23.5
Lancaster County,b'0500000US51103',1035,238,555,584,442,0,0,0,0,9,0,700,192,240,167,101,258,246,12,9.8,14.5,10.7,8.1,13.5,,0.0,,0.0,36.0,0.0,8.2,24.7,9.2,6.9,3.7,5.8,5.8,6.6
Lee County,b'0500000US51105',5694,1700,3354,5567,38,5,5,0,0,79,14,3719,1287,1493,766,173,1134,725,409,25.5,39.4,25.5,25.5,22.0,11.6,7.9,,0.0,39.9,17.9,22.5,34.5,26.1,15.1,8.7,13.1,9.2,52.2
Loudoun County,b'0500000US51107',13342,3582,8185,7657,1658,90,1582,12,1654,689,3327,7520,1480,1656,1805,2579,4799,3783,1016,3.4,3.2,3.3,3.0,5.6,8.0,2.2,2.9,12.7,3.4,6.3,3.0,9.6,5.3,3.5,1.7,2.2,1.8,14.1
Louisa County,b'0500000US51109',4209,1034,2778,2495,1273,0,0,0,187,254,218,2728,724,1119,703,182,1244,1003,241,11.8,14.6,12.8,8.8,23.8,0.0,0.0,,44.5,20.3,20.7,10.4,18.8,13.1,9.5,2.9,7.1,6.1,25.4
Lunenburg County,b'0500000US51111',1856,622,945,945,910,0,1,0,0,0,21,949,393,282,202,72,395,360,35,16.4,28.1,14.6,12.8,27.7,,0.3,,0.0,0.0,3.8,11.7,22.3,9.1,9.1,7.3,8.1,7.8,15.9
Madison County,b'0500000US51113',852,123,491,744,97,0,0,0,11,0,11,588,231,157,123,77,425,318,107,6.6,4.6,6.5,6.7,9.3,,0.0,,4.9,0.0,2.9,6.2,17.5,4.6,4.9,3.5,6.5,5.1,32.2
Mathews County,b'0500000US51115',990,265,639,644,314,0,0,0,0,32,0,652,104,361,51,136,176,124,52,11.4,20.5,13.6,8.4,41.0,0.0,0.0,,,15.9,0.0,9.5,16.3,17.1,2.3,7.1,4.7,3.5,31.3
Mecklenburg County,b'0500000US51117',5627,1586,3149,2657,2819,0,7,0,0,144,241,3436,1231,1274,617,314,998,751,247,19.0,28.2,18.9,14.2,27.5,0.0,24.1,0.0,0.0,43.8,28.8,15.8,32.2,18.5,9.3,7.0,7.9,6.2,50.3
Middlesex County,b'0500000US51119',1036,160,618,601,228,11,7,0,40,149,36,814,209,180,249,176,298,184,114,10.0,9.4,11.4,7.4,16.7,23.9,77.8,0.0,12.3,36.3,31.0,10.1,20.8,6.8,9.4,9.8,6.4,4.2,44.5
Montgomery County,b'0500000US51121',20897,2167,18197,16551,1325,90,2111,19,429,372,669,5566,1034,1637,1409,1486,5841,5179,662,23.5,14.5,29.3,21.8,33.8,24.1,35.3,59.4,40.2,26.1,25.8,10.0,28.0,12.7,10.4,5.9,13.1,12.1,37.0
Nelson County,b'0500000US51125',1909,522,1100,1452,412,0,14,0,31,0,95,1249,492,366,246,145,388,249,139,13.0,19.6,13.4,11.7,21.6,,42.4,,18.1,0.0,15.4,11.3,31.5,9.4,11.0,4.3,5.4,3.6,55.6
New Kent County,b'0500000US51127',1457,485,854,1146,112,36,19,0,0,144,64,833,169,388,271,5,277,232,45,6.9,11.0,6.5,6.6,4.7,20.5,7.8,,0.0,17.6,9.1,5.5,15.6,7.4,5.7,0.1,2.4,2.1,11.3
Northampton County,b'0500000US51131',2079,780,961,817,1107,0,0,0,0,155,352,1190,402,550,183,55,378,331,47,18.0,34.5,15.3,11.4,29.0,0.0,0.0,,0.0,46.8,35.5,14.0,27.5,18.6,8.6,2.8,7.4,6.8,23.0
Northumberland County,b'0500000US51133',1776,525,959,958,716,0,0,0,0,102,61,1109,160,558,209,182,408,349,59,14.6,29.7,16.2,11.2,21.5,0.0,0.0,,,46.6,57.5,11.3,18.2,17.4,7.2,6.4,8.1,7.3,25.4
Nottoway County,b'0500000US51135',2519,549,1584,1051,1449,7,8,0,1,3,65,1626,553,738,236,99,552,490,62,18.3,18.5,19.5,13.1,26.6,100.0,30.8,0.0,0.8,3.9,12.1,17.2,30.9,21.9,8.5,6.5,9.2,8.5,25.3
Orange County,b'0500000US51137',2873,1028,1471,2018,678,0,16,0,6,155,65,1641,385,604,483,169,828,464,364,8.2,13.5,7.1,7.0,15.0,0.0,4.7,,1.6,13.4,3.7,6.6,14.0,7.1,6.7,2.7,4.6,2.7,35.2
Page County,b'0500000US51139',3553,1086,2038,3454,18,0,38,0,43,0,72,2140,634,1065,316,125,1044,762,282,15.1,22.7,14.7,15.3,7.1,0.0,36.9,,27.6,0.0,15.3,12.4,21.6,13.6,7.8,5.3,9.0,7.0,37.4
Patrick County,b'0500000US51141',2467,792,1129,2241,108,1,8,0,75,34,121,1507,559,406,417,125,416,224,192,14.2,25.7,11.5,14.0,10.9,3.2,11.1,,57.7,37.4,22.7,11.4,22.0,8.9,10.3,6.1,5.3,3.0,47.5
Pittsylvania County,b'0500000US51143',9656,3163,5368,6456,2401,4,45,22,45,683,359,5846,1776,2108,1633,329,2633,1936,697,16.1,27.3,15.2,14.2,20.4,10.8,16.7,100.0,7.6,38.0,23.4,13.2,23.4,13.7,11.1,5.0,9.0,7.1,41.5
Powhatan County,b'0500000US51145',1405,268,760,1200,188,0,0,0,5,12,86,945,374,342,159,70,325,211,114,5.4,5.3,4.7,5.0,13.5,0.0,0.0,0.0,8.1,2.6,18.0,4.9,24.7,6.4,2.6,1.1,2.4,1.6,35.4
Prince Edward County,b'0500000US51147',3248,634,2138,1680,1414,4,0,0,84,66,86,1582,469,685,252,176,1026,827,199,18.6,18.2,20.5,15.6,22.9,5.6,0.0,,100.0,18.1,35.4,13.2,30.1,17.3,8.3,5.2,12.7,11.0,35.7
Prince George County,b'0500000US51149',2765,953,1673,1250,1071,0,115,0,169,160,225,1295,287,547,384,77,873,638,235,8.1,11.6,8.1,6.1,10.0,0.0,21.1,0.0,31.3,10.3,8.5,5.6,14.2,7.6,5.0,1.3,5.5,4.2,28.0
Prince William County,b'0500000US51153',30294,11195,16782,12891,6749,109,2243,0,6201,2101,12918,15628,4850,3985,3909,2884,9993,8197,1796,6.6,9.0,5.8,5.0,7.1,5.6,5.9,0.0,17.1,8.2,12.1,5.3,14.4,6.9,4.9,2.4,4.0,3.5,15.8
Pulaski County,b'0500000US51155',4862,1424,2781,4063,246,0,32,0,80,441,361,2950,879,1129,813,129,1250,837,413,14.8,23.9,14.3,13.3,18.8,0.0,12.5,0.0,51.3,61.3,61.9,12.0,29.5,14.1,9.5,2.6,7.6,5.4,43.0
Rappahannock County,b'0500000US51157',642,104,445,510,27,0,21,0,0,84,160,418,158,122,95,43,245,147,98,8.8,8.3,10.7,7.7,8.1,0.0,55.3,,0.0,50.3,55.7,7.6,24.8,8.1,6.9,2.2,6.5,4.1,61.3
Richmond County,b'0500000US51159',1254,428,584,567,353,0,0,0,2,332,2,760,142,275,188,155,246,179,67,17.3,28.9,14.4,11.2,22.9,0.0,0.0,,1.0,78.3,0.4,14.0,14.9,14.8,12.8,13.5,7.3,5.4,93.1
Roanoke County,b'0500000US51161',6335,1576,3646,5448,369,0,107,0,19,392,333,4078,1033,1245,1367,433,1813,1518,295,6.9,8.4,6.8,6.7,7.1,0.0,3.7,0.0,3.3,20.0,11.8,6.2,21.5,7.6,6.5,1.8,3.9,3.3,19.6
Rockbridge County,b'0500000US51163',3167,847,1871,3059,56,7,0,0,0,45,127,1822,403,717,361,341,792,559,233,14.2,21.7,14.7,14.6,8.2,8.2,0.0,,0.0,10.3,29.5,10.8,18.3,12.6,8.1,7.5,7.6,5.6,45.6
Rockingham County,b'0500000US51165',6895,1730,4048,5975,364,0,100,10,119,327,820,4032,1469,1543,682,338,1916,1580,336,8.8,9.9,8.8,8.2,16.9,0.0,18.2,16.1,18.4,21.5,15.1,7.4,16.8,8.1,5.6,2.3,4.8,4.1,27.5
Russell County,b'0500000US51167',5677,1173,3472,5559,118,0,0,0,0,0,105,4051,1281,1864,724,182,761,599,162,21.1,22.9,21.5,21.1,60.2,0.0,,,,0.0,33.2,20.4,32.7,24.8,12.1,7.6,7.7,6.4,25.4
Scott County,b'0500000US51169',3254,647,1866,3086,67,12,13,0,0,76,117,2348,849,895,506,98,647,489,158,15.5,16.8,15.4,15.0,80.7,15.6,19.1,,0.0,55.9,41.3,14.9,30.2,15.0,10.5,4.6,7.4,5.9,35.7
Shenandoah County,b'0500000US51171',4919,1415,2741,4397,187,15,130,0,140,50,675,3031,582,1425,750,274,1532,1171,361,11.5,15.8,11.0,11.0,23.6,26.3,31.8,,33.9,4.4,22.8,9.9,14.8,12.3,8.5,4.4,7.1,5.7,39.7
Smyth County,b'0500000US51173',5654,1526,3431,5312,232,0,48,0,28,34,246,3512,1008,1524,862,118,1401,1133,268,18.9,26.2,19.2,18.4,45.5,0.0,23.5,0.0,40.0,16.0,42.7,16.1,28.6,18.6,12.5,3.6,10.6,9.1,35.5
Southampton County,b'0500000US51175',1473,461,797,599,832,0,0,0,9,33,34,944,313,351,245,35,405,341,64,9.0,13.5,8.1,5.8,16.1,0.0,0.0,,13.0,5.0,11.7,8.0,19.6,10.2,5.5,1.5,5.1,4.5,19.4
Spotsylvania County,b'0500000US51177',9198,2931,5116,5049,2381,82,248,29,847,562,1388,5167,1351,2214,982,620,2875,2160,715,7.0,9.0,6.3,5.3,11.2,14.1,7.8,19.2,14.8,9.5,10.8,5.9,17.5,8.5,3.7,2.2,4.1,3.3,19.6
Stafford County,b'0500000US51179',6315,1979,3836,3180,1473,0,455,9,658,540,1237,3359,511,1322,1004,522,1873,1588,285,4.4,5.2,4.3,3.3,5.8,0.0,9.4,11.5,7.8,6.9,6.7,3.6,8.5,6.3,3.6,1.4,2.5,2.2,10.2
Surry County,b'0500000US51181',1033,257,618,390,640,3,0,0,0,0,0,694,182,269,190,53,351,269,82,15.9,22.9,15.5,11.3,22.1,100.0,0.0,,0.0,0.0,0.0,14.0,24.5,15.0,13.6,5.2,10.5,8.5,42.9
Sussex County,b'0500000US51183',1187,315,611,391,721,0,6,0,27,42,58,731,236,313,160,22,296,210,86,13.1,18.0,11.2,9.8,15.3,,4.5,,64.3,22.8,24.3,11.5,23.3,12.4,9.0,2.2,6.6,5.1,27.3
Tazewell County,b'0500000US51185',7004,2116,3981,6613,199,24,33,15,0,120,152,4207,1557,1291,1152,207,1324,906,418,17.5,26.6,17.0,17.3,19.1,25.3,13.2,46.9,0.0,32.5,45.8,14.3,29.2,12.3,12.8,4.6,8.2,6.0,39.9
Warren County,b'0500000US51187',3835,1329,2134,3193,245,32,102,0,171,92,232,2062,508,805,514,235,1135,811,324,9.9,15.5,8.9,9.3,15.2,45.1,23.0,,23.1,7.1,13.4,7.6,14.4,8.3,6.5,4.0,5.6,4.2,30.6
Washington County,b'0500000US51191',7598,2046,4377,7038,172,12,8,0,119,249,264,5029,1487,2142,1081,319,1752,1390,362,14.6,21.3,14.3,14.0,32.8,15.0,2.7,0.0,70.8,35.7,33.1,12.9,26.9,16.1,9.7,3.5,7.1,5.9,29.0
Westmoreland County,b'0500000US51193',2636,644,1546,1574,983,13,0,0,48,18,177,1815,564,764,363,124,692,534,158,14.9,19.3,15.5,13.1,21.5,14.3,0.0,,10.9,4.1,15.4,13.8,27.8,17.2,8.8,4.9,8.5,7.0,31.2
Wise County,b'0500000US51195',7796,2093,4990,7133,422,0,9,19,0,213,71,4553,1688,1369,1269,227,1913,1261,652,22.1,29.2,23.1,21.1,57.0,0.0,7.1,100.0,0.0,42.0,21.3,17.9,29.4,18.4,15.6,5.6,13.6,9.9,50.5
Wythe County,b'0500000US51197',4230,1159,2556,3612,287,62,80,0,29,160,180,2635,814,1151,515,155,1137,708,429,14.8,20.9,14.9,13.3,35.4,100.0,62.0,,72.5,40.2,50.0,12.5,28.1,14.5,8.4,3.9,8.0,5.3,54.5
York County,b'0500000US51199',3273,996,1724,2445,529,0,79,0,148,72,421,2102,421,708,641,332,927,651,276,4.9,6.2,4.3,5.0,6.0,0.0,2.1,0.0,15.4,2.3,10.4,4.6,17.9,8.3,4.9,1.5,2.9,2.1,15.2
Alexandria city,b'0500000US51510',16108,5345,9581,6587,5824,183,591,0,1580,1343,5004,8863,2278,2123,2290,2172,5843,4679,1164,10.3,18.8,8.7,6.8,17.3,51.8,6.4,0.0,22.2,16.1,19.2,7.5,27.9,15.6,10.6,2.9,5.8,4.8,38.2
Bristol city,b'0500000US51520',3753,1358,1985,3070,338,0,10,0,73,262,73,2098,602,741,466,289,848,659,189,22.6,37.8,20.8,20.4,37.3,,27.0,,100.0,48.8,18.7,17.6,33.4,21.1,13.1,9.4,11.5,9.5,42.5
Buena Vista city,b'0500000US51530',1519,449,999,1382,0,0,123,0,14,0,14,806,243,372,137,54,595,588,7,25.5,33.6,28.6,25.7,0.0,,100.0,,33.3,,14.6,20.0,33.2,22.6,13.6,8.3,21.5,21.6,15.9
Charlottesville city,b'0500000US51540',10645,1492,8618,6671,2499,5,1008,0,20,442,833,4219,764,1232,913,1310,3457,2959,498,24.1,20.8,27.0,21.2,29.3,4.9,39.1,0.0,11.3,35.0,35.2,14.0,29.0,25.0,15.5,7.9,13.8,12.3,49.0
Chesapeake city,b'0500000US51550',20024,8540,10165,9016,9639,13,242,14,467,633,2411,9584,2058,3365,3173,988,5285,4390,895,8.6,14.9,7.0,6.3,14.0,3.3,3.2,10.6,13.1,6.7,16.5,6.1,18.6,9.1,5.7,1.9,4.5,3.9,16.5
Colonial Heights city,b'0500000US51570',2083,628,1262,1307,401,0,227,0,0,148,128,1178,279,496,371,32,738,437,301,12.1,16.3,12.8,10.1,15.3,0.0,31.4,0.0,0.0,27.8,12.6,9.8,27.8,13.2,9.0,1.0,8.7,5.6,43.9
Covington city,b'0500000US51580',722,237,369,608,81,0,0,11,0,22,20,426,79,213,109,25,278,239,39,13.2,21.1,11.5,13.5,11.6,,0.0,100.0,,11.3,15.0,10.9,16.3,12.4,10.1,4.0,10.5,9.4,47.6
Danville city,b'0500000US51590',8813,2933,4945,2156,5928,8,38,18,22,643,220,4955,1566,1610,1483,296,2504,1819,685,22.4,33.4,21.6,12.2,30.1,23.5,7.9,66.7,9.8,51.7,13.3,18.0,32.8,18.7,16.3,5.9,14.0,11.1,44.6
Emporia city,b'0500000US51595',1408,650,629,279,813,0,0,0,0,316,222,699,219,232,219,29,419,226,193,27.0,41.6,21.5,19.7,24.4,0.0,0.0,,0.0,69.5,61.8,21.2,36.1,20.3,20.3,6.2,16.9,11.9,33.4
Fairfax City,b'0500000US51600',2113,373,1637,1315,33,0,480,0,162,123,607,895,128,85,251,431,928,742,186,9.3,7.3,11.2,8.5,3.2,0.0,12.0,,14.4,10.3,15.3,5.7,14.0,4.2,8.3,4.4,7.0,5.8,35.0
Falls Church city,b'0500000US51610',445,78,343,311,46,0,49,0,17,22,190,262,0,66,99,97,231,214,17,3.2,2.3,3.9,2.8,6.7,0.0,3.5,,6.0,4.6,12.6,2.7,0.0,9.5,7.3,1.3,2.8,2.7,5.4
Franklin city,b'0500000US51620',1178,466,432,106,1023,0,49,0,0,0,0,712,215,302,139,56,190,130,60,14.7,22.7,9.6,3.6,22.3,,47.6,,0.0,0.0,0.0,12.6,28.3,18.7,6.4,5.1,4.7,3.8,11.0
Fredericksburg city,b'0500000US51630',4052,1185,2499,2163,1032,0,67,0,452,338,459,1929,357,833,593,146,1435,1161,274,15.5,20.2,14.6,13.7,16.7,0.0,9.2,0.0,31.4,18.4,15.9,11.2,21.1,20.3,13.5,2.1,9.2,7.8,40.5
Galax city,b'0500000US51640',1490,470,912,1439,30,0,13,0,0,8,365,925,281,352,242,50,399,318,81,23.8,33.8,25.2,25.6,6.4,,31.0,,0.0,47.1,38.6,20.5,27.2,25.1,17.3,7.4,14.1,12.1,38.9
Hampton city,b'0500000US51650',19751,6465,11326,5342,13006,0,308,17,511,567,862,10689,1660,4375,3559,1095,6203,4822,1381,15.2,23.2,13.8,9.9,20.2,0.0,9.4,12.5,23.4,10.7,11.4,11.9,21.9,16.9,11.2,4.5,9.5,7.9,36.0
Harrisonburg city,b'0500000US51660',13025,1581,11035,10619,1147,0,466,0,144,649,2312,3575,767,1304,875,629,5202,4516,686,28.3,18.4,33.5,28.7,33.1,0.0,30.4,,20.0,20.3,22.9,13.5,18.1,19.7,15.0,6.4,20.6,18.7,61.3
Hopewell city,b'0500000US51670',5253,2112,2711,1771,2969,0,105,0,108,300,647,2569,727,1042,578,222,1615,1295,320,23.6,36.7,20.6,15.6,30.6,0.0,34.9,,29.1,57.0,36.3,17.6,26.7,19.4,13.2,10.2,15.8,13.6,45.3
Lexington city,b'0500000US51678',1191,126,949,853,199,0,34,0,74,31,127,635,52,105,126,352,330,330,0,27.4,20.9,35.5,23.4,40.2,,32.7,,86.0,100.0,52.0,20.3,21.5,15.2,17.4,23.8,17.0,17.4,0.0
Lynchburg city,b'0500000US51680',13676,3463,9298,7203,5643,10,436,0,195,189,465,5729,1306,1541,1571,1311,5206,4297,909,19.5,23.0,20.9,16.2,26.1,5.2,28.4,0.0,24.6,13.7,17.1,13.1,27.7,14.1,12.9,8.3,14.5,12.6,46.5
Manassas city,b'0500000US51683',3270,1256,1750,1443,595,4,174,0,934,120,1782,1819,747,486,486,100,882,754,128,8.0,11.5,6.7,5.3,10.7,1.3,8.1,0.0,26.0,5.6,11.9,6.9,16.4,7.1,6.7,1.3,3.8,3.5,11.2
Manassas Park city,b'0500000US51685',1073,417,634,590,201,0,10,0,234,38,503,523,97,123,273,30,469,296,173,6.4,9.9,5.7,5.6,7.8,0.0,0.5,0.0,19.0,5.8,7.6,4.7,5.1,4.2,8.7,1.0,4.8,3.2,39.4
Martinsville city,b'0500000US51690',2962,1168,1537,1136,1564,0,61,0,108,93,293,1577,459,604,435,79,699,569,130,23.9,38.2,21.6,19.1,27.8,0.0,46.6,0.0,82.4,18.6,42.9,18.8,33.2,25.8,15.3,4.3,12.8,11.1,39.5
Newport News city,b'0500000US51700',26138,9095,14536,8181,15250,0,1042,0,584,1081,3095,13883,2964,4963,4316,1640,6962,5564,1398,15.3,22.2,13.5,10.3,21.2,0.0,18.6,0.0,15.6,12.1,20.7,12.2,29.0,15.3,10.4,5.4,8.1,6.9,26.8
Norfolk city,b'0500000US51710',41016,13482,24453,11965,24548,113,1089,13,1422,1866,3322,20807,4881,6844,6592,2490,13555,10647,2908,18.7,28.3,16.8,11.8,27.0,13.4,13.0,10.2,21.1,18.5,19.9,14.1,27.6,18.1,13.6,5.8,12.3,10.4,36.9
Norton city,b'0500000US51720',1102,409,602,889,77,0,37,0,0,99,0,520,195,149,118,58,242,158,84,28.2,43.5,25.5,25.3,68.1,,20.1,,,100.0,0.0,19.3,46.8,23.4,11.6,9.4,13.5,9.8,44.0
Petersburg city,b'0500000US51730',7406,2377,4269,1085,5822,65,84,0,158,192,399,4091,1459,1568,842,222,2234,1667,567,24.1,36.5,22.2,20.7,24.6,87.8,28.8,0.0,21.6,26.9,26.7,19.2,40.9,20.6,14.3,5.2,15.0,12.7,32.6
Poquoson city,b'0500000US51735',679,249,325,654,3,0,12,0,0,10,41,404,19,224,75,86,95,95,0,5.6,9.4,4.6,5.8,2.8,0.0,4.0,,0.0,4.0,12.1,4.8,4.6,10.3,3.3,2.4,1.6,1.7,0.0
Portsmouth city,b'0500000US51740',15312,6255,7607,3470,10806,5,98,0,515,418,793,7814,1609,2809,2880,516,3751,2787,964,16.8,28.9,13.6,9.5,22.3,1.6,8.4,0.0,34.9,13.2,20.5,12.6,23.5,15.1,12.7,3.7,8.4,6.7,27.7
Radford city,b'0500000US51750',5349,285,4941,4716,278,0,262,4,6,83,90,1304,195,494,514,101,2110,2056,54,36.3,15.5,43.3,35.7,30.9,,96.3,100.0,42.9,26.4,38.1,16.0,27.2,25.9,21.5,3.2,27.7,28.0,20.0
Richmond City,b'0500000US51760',50200,14402,32040,13315,32361,678,1239,0,515,2092,3740,26225,7901,8228,6885,3211,16141,12617,3524,23.2,37.0,21.5,13.5,31.6,74.5,34.3,0.0,14.2,29.7,25.6,16.8,35.1,24.4,18.4,5.1,13.3,11.1,47.8
Roanoke city,b'0500000US51770',20240,6770,11621,8816,9696,12,179,0,125,1412,1246,11383,2858,4992,2601,932,6266,5077,1189,20.8,31.8,19.1,14.5,34.2,5.5,6.1,0.0,12.1,32.9,20.1,16.5,30.6,21.3,13.1,5.7,12.4,10.7,37.4
Salem city,b'0500000US51775',2058,607,1214,1493,314,23,103,0,84,41,232,1225,411,420,275,119,525,453,72,9.1,12.9,8.8,7.5,22.4,100.0,27.4,0.0,39.8,6.3,32.5,7.5,25.0,9.0,5.3,2.5,4.3,3.9,14.9
Staunton city,b'0500000US51790',2565,495,1510,2062,432,43,7,0,4,17,120,1764,355,721,399,289,785,672,113,11.1,11.0,11.0,10.6,18.1,57.3,2.3,0.0,7.5,2.4,20.1,10.3,21.8,14.3,8.7,5.0,6.4,5.7,24.3
Suffolk city,b'0500000US51800',9267,3463,5052,2583,6049,0,171,0,30,434,694,4986,1589,1621,1243,533,2351,1562,789,10.4,16.1,9.1,5.6,16.2,0.0,9.7,0.0,4.3,12.8,17.8,8.2,26.3,9.9,6.1,3.0,5.2,3.7,27.9
Virginia Beach city,b'0500000US51810',32183,10105,19366,16201,9902,231,1675,22,1309,2843,3789,17145,2909,4817,6513,2906,11402,9409,1993,7.3,10.2,6.9,5.6,11.9,17.4,5.6,5.9,14.2,11.6,10.7,5.6,15.0,7.6,5.9,2.6,4.9,4.3,18.9
Waynesboro city,b'0500000US51820',3659,1360,2026,2368,888,19,117,0,42,225,578,1903,574,704,446,179,918,859,59,16.8,27.3,15.5,13.3,28.7,17.3,49.0,0.0,57.5,49.0,32.3,12.5,27.6,13.9,11.4,4.3,8.4,8.3,11.5
Williamsburg city,b'0500000US51830',2188,247,1796,1334,527,41,65,0,113,108,269,740,95,220,244,181,876,690,186,20.7,15.9,26.6,16.7,28.3,77.4,46.1,,74.8,28.3,33.6,10.3,26.7,16.6,17.2,4.4,15.9,13.2,73.5
Winchester city,b'0500000US51840',4355,1581,2470,3372,467,0,75,0,70,371,1783,2188,680,693,482,333,1378,1227,151,16.3,25.5,15.2,15.3,17.8,0.0,12.1,0.0,22.4,32.9,37.1,11.9,23.7,15.3,10.7,5.1,9.8,9.0,35.2
