,locality,2020-03_hosps,2020-04_hosps,2020-05_hosps,2020-06_hosps,2020-07_hosps,2020-08_hosps,2020-09_hosps,2020-10_hosps,2020-11_hosps,2020-12_hosps,2021-01_hosps,2021-02_hosps,2021-03_hosps,2021-04_hosps,2021-05_hosps,2020-03_deaths,2020-04_deaths,2020-05_deaths,2020-06_deaths,2020-07_deaths,2020-08_deaths,2020-09_deaths,2020-10_deaths,2020-11_deaths,2020-12_deaths,2021-01_deaths,2021-02_deaths,2021-03_deaths,2021-04_deaths,2021-05_deaths,2020-03_cases,2020-04_cases,2020-05_cases,2020-06_cases,2020-07_cases,2020-08_cases,2020-09_cases,2020-10_cases,2020-11_cases,2020-12_cases,2021-01_cases,2021-02_cases,2021-03_cases,2021-04_cases,2021-05_cases
0,Accomack,3,18,49,71,77,88,90,97,107,124,166,183,199,205,209,0,4,12,14,15,19,19,19,21,27,31,35,39,41,42,7,264,909,1042,1074,1145,1182,1223,1346,1698,2342,2602,2709,2810,2845
1,Albemarle,1,16,19,28,52,65,76,96,100,133,156,184,201,217,226,0,4,8,8,11,18,21,24,27,31,35,60,77,83,83,21,103,187,401,735,1034,1306,1612,1908,2808,3924,4840,5275,5704,5786
2,Alexandria,2,97,190,238,269,298,323,327,364,431,489,507,531,557,564,0,21,44,57,58,64,69,75,77,87,104,118,130,134,135,30,754,1974,2325,2798,3378,3852,4337,5366,7298,9435,10328,10940,11645,11818
3,Alleghany,1,4,4,5,5,8,8,13,19,31,50,54,58,58,61,0,0,2,2,3,4,4,4,7,23,31,44,49,48,49,1,6,20,31,57,65,79,123,320,767,1122,1250,1272,1336,1366
4,Amelia,2,6,8,11,13,13,14,17,21,29,35,41,45,50,54,1,1,1,1,1,3,5,6,6,7,10,20,29,31,32,2,15,25,44,72,98,124,148,217,352,640,767,820,878,914
5,Amherst,0,2,3,3,4,9,14,25,31,41,58,77,105,121,123,0,1,0,0,0,1,4,6,6,10,11,23,36,35,37,3,12,27,36,105,290,403,623,819,1443,2380,2674,2788,2902,2938
6,Appomattox,0,0,1,2,2,9,13,18,25,30,41,49,63,67,69,0,0,0,0,0,1,3,6,6,7,8,17,23,24,25,0,20,31,40,68,169,216,308,405,716,1241,1411,1478,1579,1595
7,Arlington,8,167,373,418,434,467,500,541,589,656,729,769,802,829,848,2,41,115,132,136,138,150,154,157,181,201,227,246,252,256,104,967,2116,2479,2897,3555,3995,4714,6299,8872,11691,13151,14227,15089,15285
8,Augusta,0,2,4,8,9,18,23,31,43,76,117,144,152,166,174,0,1,1,2,4,4,7,9,11,29,48,56,70,70,72,0,43,109,185,249,364,512,707,1177,3307,4754,5196,5398,5724,5849
9,Bath,0,0,0,0,0,0,0,1,1,3,5,6,7,7,10,0,0,0,0,0,0,1,0,0,0,8,10,12,10,10,0,0,0,0,4,4,15,26,62,153,241,246,251,266,273
10,Bedford,0,1,2,2,8,23,41,61,80,94,122,150,197,216,234,0,0,2,3,6,8,13,18,19,31,39,68,98,99,102,2,30,57,118,286,546,786,1297,1839,3107,5171,5787,6082,6258,6441
11,Bland,0,0,0,0,0,1,3,4,7,13,19,20,22,25,27,0,0,0,0,0,0,5,5,5,6,9,9,10,10,10,0,0,0,2,7,47,65,78,194,480,603,622,641,668,679
12,Botetourt,2,9,9,12,13,20,24,26,33,39,46,51,56,64,65,1,3,4,4,5,8,10,12,13,17,21,26,34,36,38,5,28,32,121,185,249,306,451,778,1292,1866,2216,2411,2499,2539
13,Bristol,0,0,1,1,6,8,10,19,28,42,72,75,84,91,106,0,0,0,0,0,2,5,7,7,8,24,29,31,33,34,1,1,4,4,57,121,187,314,533,917,1182,1219,1282,1461,1544
14,Brunswick,1,3,6,15,24,25,29,30,33,42,47,52,53,53,53,0,0,1,1,1,2,5,5,7,8,9,16,20,21,23,1,14,25,103,197,293,361,424,471,641,1089,1195,1256,1296,1322
15,Buchanan,0,0,0,0,2,6,10,17,22,60,80,91,95,100,106,0,0,0,0,0,1,2,4,6,24,32,34,38,38,43,0,16,19,31,71,99,157,275,423,870,1162,1296,1355,1408,1447
16,Buckingham,0,7,16,20,23,23,24,26,34,39,43,46,50,56,56,0,0,3,4,6,8,9,9,10,12,17,27,29,30,30,2,58,459,556,593,644,681,758,893,1369,1856,2041,2070,2117,2133
17,Buena Vista City,0,0,1,1,3,4,5,5,9,16,18,19,20,21,22,0,0,0,0,0,1,1,1,1,4,12,15,19,19,20,0,6,13,15,47,75,88,125,267,512,748,838,867,891,910
18,Campbell,0,0,4,4,5,9,15,32,38,54,64,83,133,160,174,0,0,1,1,2,3,4,9,12,19,31,55,81,84,89,1,12,18,45,144,324,460,778,1201,2065,3522,4009,4207,4398,4521
19,Caroline,0,5,5,16,22,25,29,32,32,40,50,54,58,61,63,0,1,2,4,4,5,5,6,6,9,13,22,32,35,37,0,27,67,128,183,263,365,448,606,1035,1576,1825,2010,2552,2622
20,Carroll,0,2,3,18,29,35,43,49,66,101,137,152,162,194,215,0,0,1,8,14,19,24,29,30,36,56,59,67,69,74,1,11,96,214,307,396,505,631,973,1495,1978,2107,2270,2594,2672
21,Charles City,0,5,10,14,16,18,21,22,24,24,27,32,35,35,35,0,1,1,4,3,5,5,5,7,8,9,11,15,15,16,1,13,27,40,49,70,85,103,142,195,342,398,451,497,502
22,Charlotte,0,1,4,4,5,4,6,13,25,30,30,39,45,53,56,0,0,0,0,0,0,0,1,5,6,10,14,17,18,21,0,8,23,31,50,69,108,221,284,379,625,748,797,839,870
23,Charlottesville,0,13,15,17,24,27,30,38,49,69,77,92,98,104,106,0,2,3,3,11,18,29,32,31,35,39,44,53,55,57,14,56,116,212,466,681,1246,1619,1854,2203,2740,3624,3834,4007,4020
24,Chesapeake,3,57,87,130,201,322,417,483,534,616,720,846,915,973,1002,0,6,15,20,28,47,72,79,81,101,136,187,272,289,298,23,242,521,895,2450,3801,4350,5010,6657,9324,15436,18233,19503,20634,20989
25,Chesterfield,3,43,78,116,208,269,341,424,496,608,690,785,865,935,975,0,20,36,50,72,82,95,120,131,172,203,298,396,421,436,43,531,1548,2897,3937,5046,6053,7274,9323,13059,19150,23546,25404,27202,27917
26,Clarke,1,1,3,4,7,9,12,14,19,21,27,36,41,43,44,0,0,0,0,0,0,1,1,3,5,8,17,19,19,20,1,8,27,49,69,81,95,122,208,389,674,758,889,965,983
27,Colonial Heights,0,2,10,15,24,24,27,29,32,42,47,52,70,76,79,0,5,17,17,21,22,26,26,26,28,31,41,57,61,61,0,54,95,143,178,220,263,316,420,614,1043,1352,1525,1677,1709
28,Covington,0,0,0,0,0,0,1,1,6,10,16,24,25,27,29,0,0,0,0,0,0,0,0,1,4,4,10,12,13,13,0,1,4,5,12,25,32,39,157,368,565,632,569,587,603
29,Craig,0,0,0,0,1,1,1,4,3,7,9,9,13,15,18,0,0,0,0,0,0,0,0,1,1,3,4,6,5,6,0,3,5,7,15,22,31,59,90,149,215,241,272,309,316
30,Culpeper,1,11,48,62,73,84,94,97,112,134,150,166,178,188,191,0,3,6,10,12,13,17,18,20,20,34,50,56,61,64,3,141,691,808,942,1117,1210,1394,2240,2998,3743,4065,4290,4541,4657
31,Cumberland,0,1,4,4,4,8,8,9,13,14,16,19,23,27,30,0,0,0,0,0,0,2,2,4,4,4,6,9,9,9,0,13,37,51,65,97,105,123,160,197,325,384,418,472,496
32,Danville,2,13,15,19,35,59,88,117,152,171,196,234,260,278,291,0,1,2,2,5,16,28,44,50,63,66,103,123,134,137,4,35,55,86,300,606,903,1246,1632,2322,3655,4317,4452,4348,4430
33,Dickenson,0,0,0,0,1,7,7,8,12,25,34,38,40,40,41,0,0,0,0,0,1,1,1,1,5,14,14,15,15,16,0,0,0,4,22,67,102,153,268,643,821,876,910,921,942
34,Dinwiddie,0,6,12,19,30,33,38,44,49,56,63,73,83,88,93,0,0,0,0,4,8,11,12,14,15,18,26,42,42,44,0,16,80,142,197,292,399,540,669,916,1482,1789,1975,2091,2133
35,Emporia,0,8,13,20,24,30,33,36,37,41,46,48,50,50,51,0,2,5,14,15,16,26,28,28,30,32,39,42,42,42,0,23,79,136,164,231,259,300,335,417,559,616,653,668,669
36,Essex,0,1,4,4,7,9,12,13,18,26,29,33,36,43,45,0,0,0,0,1,2,2,2,2,2,4,6,8,9,10,0,7,48,58,75,128,180,201,243,341,533,635,705,753,768
37,Fairfax,17,606,1311,1613,1899,2056,2160,2282,2529,2942,3266,3499,3703,3940,4025,2,134,383,488,520,558,588,606,623,679,784,930,1040,1073,1082,244,3611,11110,13850,15616,18417,20981,24103,31072,43977,59481,66573,71411,75783,76795
38,Fairfax City,0,4,8,8,11,13,14,14,18,26,30,37,41,47,50,0,2,6,7,7,7,8,8,9,10,12,13,18,19,19,1,27,65,70,81,120,138,164,213,304,427,490,522,549,559
39,Falls Church,0,3,11,11,11,11,13,13,14,17,19,20,20,22,22,0,2,8,8,8,7,7,7,7,6,6,7,10,9,9,0,26,55,59,61,66,70,76,103,176,291,352,391,423,434
40,Fauquier,0,10,21,27,34,37,47,56,69,90,125,159,179,195,202,0,2,6,6,8,9,25,27,28,28,33,51,62,63,70,7,111,315,420,571,762,940,1117,1508,2369,3476,3946,4273,4619,4693
41,Floyd,0,0,2,2,2,6,11,13,15,19,22,25,29,29,31,0,0,0,1,1,2,9,16,15,17,18,18,20,21,23,0,2,6,17,32,153,205,253,351,507,679,735,795,839,873
42,Fluvanna,0,19,23,25,31,36,35,42,44,54,61,69,73,79,84,0,6,6,7,8,9,9,9,9,10,13,14,17,17,18,3,73,92,110,173,226,381,435,498,758,1150,1299,1579,1902,1918
43,Franklin City,0,2,3,3,7,8,19,25,28,35,43,50,55,56,57,0,0,2,2,6,6,9,13,16,17,21,26,28,32,32,1,20,42,51,119,298,422,507,547,673,859,985,1061,1131,1138
44,Franklin County,0,3,4,5,8,11,18,36,55,80,111,126,145,169,186,0,0,2,1,1,1,4,6,17,22,34,52,72,74,77,5,21,36,88,151,213,373,921,1634,2329,3348,3711,3843,3986,4066
45,Frederick,2,12,23,37,49,56,66,87,122,143,169,183,212,229,245,0,1,4,6,7,10,13,14,18,28,45,68,96,100,101,12,105,349,493,651,764,899,1207,2228,3732,6000,6751,7233,7831,8001
46,Fredericksburg,0,7,21,25,38,47,49,52,57,65,74,93,96,102,103,0,0,0,1,3,5,6,6,7,9,14,19,22,23,23,1,33,164,247,348,481,547,597,703,1039,1522,1780,1879,2077,2133
47,Galax,1,1,12,30,37,40,41,41,45,63,70,75,80,91,97,0,0,0,13,19,28,30,30,30,35,39,46,51,51,53,1,4,123,253,331,396,419,460,572,831,955,995,1034,1155,1168
48,Giles,0,0,0,1,1,2,3,4,8,22,29,35,41,50,51,0,0,0,0,0,0,0,0,0,2,7,14,18,21,22,0,4,8,15,23,43,90,143,299,605,928,1075,1156,1255,1287
49,Gloucester,0,5,8,9,12,13,13,17,20,31,41,51,58,59,62,0,1,1,1,2,2,2,3,3,7,27,37,46,47,48,7,23,31,49,141,201,249,355,475,855,1501,1863,2056,2178,2208
50,Goochland,2,10,18,22,25,25,29,31,34,34,36,43,46,51,52,0,4,6,6,7,7,7,7,7,7,8,13,21,23,23,7,76,99,119,150,220,275,335,450,612,1035,1208,1315,1430,1454
51,Grayson,0,0,4,6,8,19,27,30,40,52,61,71,77,87,95,0,0,0,2,4,6,15,19,22,24,26,31,34,33,35,0,2,38,84,128,194,322,394,524,790,1037,1133,1221,1438,1480
52,Greene,0,2,4,7,8,10,11,15,22,27,38,51,58,67,70,0,1,1,1,2,3,3,3,4,4,5,7,15,16,18,1,10,34,67,134,199,223,294,369,543,848,1002,1132,1238,1280
53,Greensville,0,10,14,18,25,32,34,40,41,43,48,50,52,53,54,0,6,7,7,9,11,11,15,16,16,18,24,25,25,25,3,39,73,359,417,709,795,907,938,1023,1312,1452,1525,1569,1581
54,Halifax,0,1,3,4,5,6,12,16,22,28,42,63,71,77,79,0,0,0,1,1,2,7,8,17,36,52,61,73,77,78,1,18,30,53,130,210,361,550,816,1141,2005,2432,2672,2773,2813
55,Hampton,3,28,30,41,49,54,68,93,120,195,236,295,334,355,386,0,1,3,5,5,16,27,33,35,48,66,111,157,172,178,13,115,207,328,1007,1554,1846,2163,2816,4332,7174,8651,9523,10248,10506
56,Hanover,1,30,51,64,78,84,101,128,163,196,215,252,264,281,284,0,9,24,26,31,35,38,44,54,72,101,125,147,154,158,6,118,326,429,584,794,1320,1705,2442,3828,5843,6651,7332,7983,8165
57,Harrisonburg,1,26,57,71,79,83,94,102,104,129,149,161,177,185,188,0,11,23,24,29,33,34,35,37,44,61,79,95,95,95,6,426,779,939,1039,1346,2667,3127,3472,4384,5305,5715,6166,6447,6492
58,Henrico,10,126,203,254,310,379,441,488,590,682,778,876,967,1032,1063,6,100,133,141,180,193,216,240,251,293,344,487,571,603,616,62,876,1820,2591,3541,4608,5491,6472,8409,12337,18463,21387,23156,24950,25433
59,Henry,0,2,9,23,54,91,120,144,168,216,251,281,313,342,362,0,1,3,4,5,16,26,32,41,53,74,105,122,121,124,1,16,113,260,477,844,1075,1384,1916,2637,3747,4195,4387,4493,4614
60,Highland,0,0,0,0,0,0,0,0,0,0,0,1,1,1,1,0,0,0,0,0,0,0,0,0,0,0,0,1,1,1,0,2,3,3,3,6,7,10,16,57,81,91,107,109,109
61,Hopewell,0,8,11,19,22,32,36,39,50,66,71,88,99,107,108,0,0,0,2,5,5,7,8,9,10,17,43,64,69,75,4,24,90,174,254,350,402,529,621,883,1745,2094,2348,2552,2601
62,Isle of Wight,1,9,12,16,20,25,35,45,55,79,98,113,135,144,150,0,2,3,8,9,11,19,26,28,29,38,52,61,66,68,4,99,128,179,325,552,753,882,1038,1519,2179,2649,2919,3107,3147
63,James City,24,51,55,58,59,63,65,69,72,100,113,126,138,146,155,4,12,16,15,16,18,21,22,22,28,39,52,71,72,72,89,158,205,263,538,743,856,967,1209,1898,3454,3867,4254,4541,4615
64,King George,0,12,14,15,16,21,21,25,30,34,38,47,49,54,55,0,4,4,4,4,4,4,5,5,10,11,16,18,19,20,3,32,68,98,122,202,232,289,420,736,1225,1420,1522,1649,1725
65,King William,0,1,3,4,7,9,13,17,20,26,29,36,41,45,48,0,1,1,0,2,2,2,4,5,5,5,8,11,11,12,1,5,30,42,77,115,161,212,285,453,718,903,1076,1193,1226
66,King and Queen,0,0,2,4,4,7,10,12,14,15,18,20,22,26,27,0,0,1,1,1,1,1,2,2,2,3,6,8,8,8,1,2,13,24,35,49,73,87,104,171,251,305,356,388,400
67,Lancaster,0,1,1,1,1,5,8,8,12,15,18,23,23,24,25,0,0,0,0,0,0,0,1,1,2,3,11,16,16,16,1,2,10,12,29,71,151,204,242,344,563,661,683,710,714
68,Lee,0,1,1,1,7,15,26,33,46,60,87,95,105,110,110,0,0,0,0,1,3,7,10,14,29,37,39,45,46,48,2,9,10,11,91,201,280,536,933,1476,2146,2289,2363,2413,2429
69,Lexington,0,0,0,0,1,2,3,3,8,17,19,20,22,23,26,0,0,0,0,0,0,1,1,2,4,18,23,31,33,32,0,3,7,10,28,43,106,253,356,596,810,1108,1153,1171,1207
70,Loudoun,8,90,163,275,335,384,435,485,556,652,765,863,946,1035,1065,2,15,63,87,110,118,125,131,143,159,181,229,269,274,277,87,746,2575,4000,4995,5979,6889,7981,10049,14169,20384,23076,25251,27309,27846
71,Louisa,0,9,9,11,22,28,31,40,47,58,77,83,102,106,110,0,0,1,1,2,2,6,8,8,9,12,21,28,32,32,9,43,79,118,165,250,294,410,532,902,1502,1687,1791,1945,1984
72,Lunenburg,0,0,0,3,4,6,7,8,9,11,14,17,23,26,26,0,0,0,0,1,2,3,4,5,4,4,5,10,13,13,0,4,13,31,55,93,118,155,171,348,566,642,721,757,773
73,Lynchburg,1,5,7,6,8,28,42,66,81,114,156,201,284,319,337,0,1,1,1,2,5,13,28,30,53,71,117,144,146,151,5,53,80,147,429,986,1441,2078,2758,4255,6173,6897,7196,7606,7866
74,Madison,0,1,3,4,5,6,7,10,13,17,20,21,21,21,21,0,0,1,1,1,2,3,3,4,4,6,12,15,16,16,3,14,41,43,60,91,110,139,190,299,473,532,563,606,620
75,Manassas City,0,28,64,97,118,126,130,132,138,147,155,162,166,169,173,0,3,10,16,20,23,26,27,28,30,33,39,45,47,47,8,216,1092,1397,1604,1805,1931,2059,2311,2887,3696,4002,4159,4302,4309
76,Manassas Park,1,8,30,46,50,53,55,58,61,63,66,66,67,68,69,0,1,6,6,7,7,8,8,8,8,8,11,12,12,12,1,61,305,431,497,565,616,658,726,931,1070,1124,1169,1211,1219
77,Martinsville,0,1,6,10,24,49,61,66,77,96,116,128,138,155,163,0,0,1,1,3,6,18,25,25,27,36,56,73,76,76,0,2,31,78,159,327,385,497,709,1002,1374,1507,1553,1583,1608
78,Mathews,0,1,2,2,2,2,6,11,12,15,16,18,21,22,22,0,0,0,0,0,0,0,0,1,4,6,10,12,12,12,2,4,5,6,12,23,81,137,160,310,441,552,577,595,599
79,Mecklenburg,1,20,29,30,35,38,44,45,48,66,72,82,90,93,93,0,10,21,26,32,33,33,35,36,39,46,53,62,66,67,4,100,217,240,303,516,733,901,1008,1304,1787,1981,2150,2263,2318
80,Middlesex,0,0,1,1,2,6,8,9,10,16,18,19,23,24,25,0,0,0,0,1,1,10,11,11,11,16,16,18,20,20,0,8,15,15,26,55,121,147,168,275,410,517,554,569,573
81,Montgomery,0,6,9,11,15,17,23,38,63,111,138,147,158,179,187,0,1,1,2,3,4,4,5,15,38,64,75,91,91,96,1,56,77,145,273,493,1997,2937,3917,5182,6323,7685,8780,9270,9394
82,Nelson,0,0,0,0,0,3,5,8,11,19,27,32,38,39,40,0,0,0,0,0,0,2,2,3,4,6,7,12,12,13,2,8,17,18,33,85,106,140,184,348,640,767,864,889,899
83,New Kent,0,5,7,7,10,13,14,16,18,20,23,24,33,35,37,0,2,2,1,1,1,3,3,4,5,7,12,14,16,18,1,23,36,57,115,151,194,301,393,646,1053,1241,1385,1473,1503
84,Newport News,5,33,40,44,74,89,103,120,143,205,252,313,354,422,456,2,7,10,10,16,25,41,51,55,69,97,161,208,223,228,23,118,273,523,1573,2317,2760,3266,4061,5973,9772,11468,12687,13740,14036
85,Norfolk,4,40,69,105,168,285,367,411,458,557,692,809,896,967,1003,0,3,6,9,24,52,78,85,91,107,142,189,235,252,259,27,198,503,915,3180,4394,4881,5493,6528,8849,12850,14898,16133,17348,17770
86,Northampton,0,3,28,40,45,49,49,49,50,55,66,72,76,79,80,0,0,23,28,28,29,31,31,31,31,33,33,35,36,36,1,64,237,271,298,304,305,320,352,444,632,714,757,794,808
87,Northumberland,0,0,0,0,3,8,10,13,15,23,25,27,29,32,32,0,0,1,1,2,4,6,7,8,10,13,16,21,20,20,3,9,25,39,63,89,173,226,274,427,582,666,711,740,747
88,Norton,0,2,2,2,2,2,3,5,5,10,15,16,17,18,19,0,0,0,0,0,0,0,0,0,1,3,6,6,7,7,0,2,2,4,11,26,34,52,83,169,233,238,251,283,289
89,Nottoway,0,1,5,22,40,43,44,51,55,66,75,85,96,100,100,0,0,0,2,9,14,18,21,22,24,27,37,46,48,48,1,12,29,111,172,198,266,361,511,1149,1649,1798,1865,1899,1920
90,Orange,0,3,7,14,16,18,21,24,35,44,61,73,83,86,89,0,0,1,3,3,4,5,5,7,13,18,25,35,39,39,2,31,102,149,207,262,329,421,599,944,1516,1841,2005,2151,2215
91,Page,0,11,24,29,36,39,43,52,62,72,86,94,104,110,114,0,1,21,24,24,25,29,31,32,33,40,47,57,57,57,1,100,220,269,331,361,404,488,593,1026,1655,1826,1907,2005,2055
92,Patrick,0,0,0,2,18,46,52,60,64,73,76,90,98,104,107,0,0,0,1,3,11,25,27,28,28,29,35,41,43,43,0,2,19,46,108,224,277,334,468,765,1063,1198,1279,1338,1362
93,Petersburg,0,14,23,43,61,69,73,85,94,106,118,130,150,162,163,0,2,3,3,11,20,29,30,31,33,37,52,77,83,86,2,31,134,234,442,631,747,955,1123,1444,2634,3150,3509,3792,3887
94,Pittsylvania,1,6,13,22,25,36,56,87,106,131,147,164,215,236,251,1,1,1,1,2,4,10,17,22,37,46,64,75,78,82,1,13,44,122,316,770,1022,1358,1762,2609,4132,4761,5304,5484,5555
95,Poquoson,1,2,2,2,2,2,3,3,3,15,17,20,20,21,22,0,0,0,0,0,0,2,2,2,3,8,14,16,16,16,2,6,8,19,36,67,76,101,146,335,599,719,805,871,876
96,Portsmouth,3,33,44,68,122,175,288,320,350,430,500,584,624,657,676,0,5,11,16,22,34,59,70,71,78,97,140,171,188,197,12,158,308,482,1462,2213,2594,2863,3202,4519,6547,7666,8338,8884,9084
97,Powhatan,0,0,0,4,9,12,14,18,22,34,37,48,52,56,57,0,0,0,2,4,4,5,5,6,6,7,8,11,16,17,4,13,35,82,122,189,230,321,467,865,1330,1639,1772,1887,1919
98,Prince Edward,0,5,11,22,27,30,33,38,45,52,71,79,94,102,105,0,2,2,3,9,11,12,13,16,17,20,26,33,34,34,2,49,134,187,323,488,583,778,877,1083,1709,1953,2006,2119,2171
99,Prince George,1,4,6,12,14,21,24,26,30,35,40,45,52,55,57,0,0,0,1,2,2,5,7,7,8,10,12,24,27,29,7,33,126,238,329,554,825,1124,1430,1830,2544,2966,3238,3483,3552
100,Prince William,19,169,463,656,774,854,915,1014,1083,1222,1316,1389,1510,1608,1629,1,24,104,144,170,185,205,223,237,260,313,404,472,481,498,94,1645,5533,7285,8838,10836,12567,14513,18352,25519,35245,39333,41934,44573,45250
101,Pulaski,0,2,4,7,9,10,15,21,40,72,91,98,113,121,126,0,0,0,2,3,3,5,6,12,32,45,53,61,61,61,0,10,19,45,74,135,236,313,698,1502,2167,2309,2456,2596,2660
102,Radford,0,0,1,1,2,3,8,13,24,29,33,36,37,37,38,0,0,0,0,0,0,1,2,3,7,9,14,18,18,18,1,3,7,11,27,399,746,962,1160,1497,1796,1888,2010,2109,2153
103,Rappahannock,0,0,1,1,4,5,5,6,6,10,14,15,17,19,18,0,0,0,0,2,2,2,2,2,2,2,3,2,2,2,0,5,13,20,40,53,65,72,92,163,263,299,320,342,360
104,Richmond City,2,63,151,220,276,375,419,454,505,557,626,680,747,790,803,0,15,24,31,39,47,61,77,82,94,132,191,243,258,266,26,339,1316,2209,2893,3897,4674,5415,6712,9158,12757,14829,15773,16777,17033
105,Richmond County,0,5,9,13,14,14,17,15,15,21,33,34,39,47,51,0,0,4,8,6,5,7,5,5,6,7,8,12,15,15,0,144,278,318,322,333,354,380,429,811,1223,1389,1441,1491,1519
106,Roanoke City,1,5,9,14,18,44,70,108,129,144,170,193,222,242,252,0,0,9,10,11,15,28,43,76,99,119,149,179,189,192,6,73,160,439,814,1200,1787,2920,4109,5236,6928,7564,7985,8347,8489
107,Roanoke County,0,1,8,11,13,22,29,47,68,99,121,131,145,168,178,0,0,7,7,7,7,9,15,33,68,78,106,135,139,145,3,51,105,254,430,606,910,1642,2962,4686,6485,7317,7776,8129,8268
108,Rockbridge,0,0,0,1,1,3,6,7,11,21,36,40,44,46,53,0,0,0,0,0,1,2,3,3,6,29,35,44,46,46,2,6,18,30,66,85,119,154,264,599,1072,1279,1446,1507,1553
109,Rockingham,0,15,53,73,93,103,115,131,158,226,280,315,357,378,387,0,1,6,10,17,20,22,27,36,48,74,92,104,105,107,5,240,518,720,890,1058,1460,1785,2270,3919,5537,6046,6347,6676,6778
110,Russell,0,1,2,2,8,21,26,42,59,90,103,120,126,130,130,0,0,0,0,1,4,5,8,9,16,22,29,36,38,38,0,3,8,12,60,187,275,521,802,1520,1908,2029,2158,2241,2288
111,Salem,0,2,4,3,5,9,15,28,34,40,49,56,64,69,72,0,0,3,3,3,3,6,10,22,26,33,41,44,47,49,0,26,34,68,131,212,275,612,886,1172,1736,1879,1986,2125,2174
112,Scott,0,2,2,2,6,14,17,30,55,81,103,112,116,122,128,0,1,2,2,3,4,4,6,14,34,44,48,51,52,57,0,7,8,10,51,153,191,445,780,1214,1499,1583,1694,1807,1849
113,Shenandoah,3,12,44,62,71,80,88,99,117,141,166,174,183,204,218,0,2,21,29,42,48,59,61,62,73,94,119,128,130,133,7,108,448,562,667,769,808,996,1403,2204,3407,3704,3889,4229,4347
114,Smyth,1,4,4,5,8,25,48,55,71,114,159,169,181,195,204,0,0,0,1,3,3,20,27,37,55,75,86,91,91,93,1,13,15,36,107,273,515,645,1043,1817,2409,2516,2628,2858,2969
115,Southampton,1,3,6,7,12,15,22,29,32,35,43,49,53,54,54,1,1,2,4,12,13,25,38,40,42,46,51,53,56,56,1,125,147,156,234,351,774,936,988,1142,1710,1854,1913,1970,1980
116,Spotsylvania,2,23,40,74,92,119,134,155,180,211,242,280,289,304,317,0,3,7,29,33,38,44,54,58,67,82,99,108,114,120,7,143,556,993,1305,1801,2153,2494,3161,4797,7194,8281,8845,9693,10078
117,Stafford,2,44,74,93,116,136,160,172,196,225,272,309,337,354,362,0,2,4,5,7,10,18,21,22,24,48,67,70,75,79,24,240,713,988,1243,1704,2028,2440,3306,5221,7956,9555,10150,11067,11361
118,Staunton,0,0,5,8,10,11,13,17,28,50,63,77,80,83,84,0,0,0,0,0,0,0,4,13,31,52,66,69,69,71,0,12,45,73,140,170,268,414,912,1585,2208,2431,2527,2551,2527
119,Suffolk,0,32,50,57,92,113,123,137,160,234,307,388,421,436,452,0,12,32,34,49,61,73,78,80,90,112,151,176,185,191,4,169,315,414,1034,1635,1984,2345,2767,3987,5810,6901,7391,7821,7948
120,Surry,0,1,3,4,4,5,9,10,11,15,16,19,21,21,21,0,1,1,1,2,3,3,5,5,5,5,6,9,9,9,1,4,10,15,35,68,121,142,176,247,324,362,405,421,424
121,Sussex,0,3,8,14,24,28,29,30,31,33,39,41,45,47,48,0,1,2,2,9,9,12,13,13,13,16,16,21,21,21,0,31,154,195,276,339,516,649,669,713,996,1067,1135,1180,1193
122,Tazewell,0,0,0,0,5,14,16,29,50,86,117,132,150,157,165,0,0,0,0,0,1,2,2,7,24,33,52,64,66,71,2,6,9,15,87,195,321,551,1079,2335,2958,3185,3386,3581,3665
123,Virginia Beach,11,77,94,118,200,321,381,448,530,748,1080,1291,1425,1572,1638,2,14,23,29,45,68,91,108,113,150,206,302,362,385,403,65,385,708,1176,4055,6028,6937,8119,10854,16629,26211,30595,33166,35360,36025
124,Warren,1,4,14,19,23,23,28,42,61,69,76,89,94,109,114,0,0,2,5,8,7,7,21,26,33,37,45,52,55,58,3,52,157,285,348,391,440,619,859,1329,1999,2292,2559,2895,3029
125,Washington,1,8,8,8,18,32,61,91,121,187,299,349,372,408,424,0,3,4,4,4,9,21,26,31,44,79,95,102,106,110,2,36,51,64,170,368,593,1055,1756,2970,4057,4270,4482,4826,4953
126,Waynesboro,0,1,2,6,8,10,10,12,20,37,56,67,71,73,73,0,0,0,0,2,3,3,4,5,13,25,31,34,37,38,2,11,46,82,166,215,276,403,626,1194,1855,2141,2251,2345,2383
127,Westmoreland,0,2,8,12,15,20,22,25,29,43,57,65,70,75,77,0,0,1,2,2,3,3,5,7,9,16,17,22,24,26,0,22,65,108,193,223,276,351,427,692,1018,1110,1194,1261,1293
128,Williamsburg,2,6,10,12,12,12,12,14,17,22,24,24,24,27,28,1,1,4,6,6,6,7,8,8,8,9,9,12,12,13,8,20,44,60,107,155,183,223,289,358,444,524,684,758,769
129,Winchester,0,1,12,23,29,34,37,42,59,76,85,98,104,115,119,0,0,2,3,4,4,4,5,5,10,20,34,41,44,46,3,37,189,317,391,439,508,631,1066,1649,2287,2460,2657,2818,2909
130,Wise,0,9,11,12,14,29,32,44,69,106,136,149,155,159,166,0,1,2,2,3,5,9,10,49,58,84,90,93,96,99,0,22,25,28,79,329,425,693,1227,2023,2654,2872,2984,3115,3228
131,Wythe,0,1,2,4,10,17,23,30,45,69,92,113,123,146,156,0,2,1,1,3,3,4,7,7,28,36,58,74,78,79,1,11,23,50,100,160,245,351,684,1311,1797,2022,2313,2592,2664
132,York,2,6,9,10,14,15,16,21,27,36,41,52,57,68,70,1,1,3,3,3,6,8,9,9,12,16,30,50,52,54,14,46,74,115,301,461,553,658,921,1472,2548,3008,3439,3689,3739
