,ncesdistid,div_num,fips,lea_name_19_20,students_19_20,teachers_19_20,schools_19_20,locale_19_20,student_teacher_ratio_19_20,inexperienced_teachers_19_20,out_of_field_teachers_19_20,student_psychologists_ratio_19_20,student_support_staff_ratio_19_20,student_counselors_ratio_19_20,student_librarians_media_specialists_ratio_19_20,percent_title1_schools_19_20,dist_pp_19,student_white 19_20,student_white_20_21,disadv_native_19_20,disadv_asian_19_20,disadv_black_19_20,disadv_hisp_19_20,disadv_api_19_20,disadv_multi_19_20,disadv_white_19_20,disadv_native_20_21,disadv_asian_20_21,disadv_api_19_20.1,disadv_multi_19_20.1,disadv_white_19_20.1,disadv_native_20_21.1,disadv_asian_20_21.1,disadv_black_20_21,disadv_hisp_20_21,disadv_api_20_21,disadv_multi_20_21,disadv_white_20_21,2016allgrad,2016asiangrad,2016blackgrad,2016hispanicgrad,2016whitegrad,2017allgrad,2017asiangrad,2017blackgrad,2017hispanicgrad,2017whitegrad,2018allgrad,2018asiangrad,2018blackgrad,2018hispanicgrad,2018whitegrad,2019allgrad,2019asiangrad,2019blackgrad,2019hispanicgrad,2019whitegrad,2020allgrad,2020asiangrad,2020blackgrad,2020hispanicgrad,2020whitegrad,2016alldrop,2016asiandrop,2016blackdrop,2016hispanicdrop,2016whitedrop,2017alldrop,2017asiandrop,2017blackdrop,2017hispanicdrop,2017whitedrop,2018alldrop,2018asiandrop,2018blackdrop,2018hispanicdrop,2018whitedrop,2019alldrop,2019asiandrop,2019blackdrop,2019hispanicdrop,2019whitedrop,2020alldrop,2020asiandrop,2020blackdrop,2020hispanicdrop,2020whitedrop,adult_earn_low,adult_earn_mid,adult_earn_high,total_poverty,tot_pop_hisp,tot_pop_hisp,tot_pop_black,tot_pop_native,tot_pop_asian,tot_pop_api,tot_pop_other,tot_pop_multi,hosps_2021_05,tot_hosps_proportion,deaths_2021_05,tot_deaths_proportion,cases_2021_05,tot_cases_proportion,1920_enrollrate,2021_enrollrate,LAT,LON,student_bipoc_1920,student_bipoc_2021
0,5100060,1,51-001,ACCOMACK CO PBLC SCHS,5161,320.0,13,Rural,16.1,0.089,0.081,1720.3,166.5,184.3,245.8,0.462,12095.54545,0.370592794,0.369654605,0.0,0.006007209,0.475370445,0.216259511,0.0,0.01361634,0.288746496,0.0,0.006263982,0.0,0.01361634,0.288746496,0.0,0.006263982,0.481431767,0.208948546,0.0,0.017449664,0.28590604,0.89,,0.86,0.9,0.9,0.9,,0.85,0.83,0.95,0.86,,0.85,0.83,0.88,0.92,,0.91,0.86,0.95,0.77,,0.85,0.87,0.65,0.07,,0.1,0.07,0.05,0.06,,0.07,0.15,0.03,0.09,,0.08,0.13,0.08,0.08,,0.08,0.14,0.04,0.07,,0.07,0.1,0.06,0.307,0.517,0.17600000000000002,0.19,9.0,60.0,28.6,0.5,0.8,0.0,0.2,0.9,209.0,0.007120711,42.0,0.018018018,2845.0,0.004238968,0.442307692,0.374454148,37.72015,-75.671431,0.6294072060000001,0.630345395
1,5100090,2,51-003,ALBEMARLE CO PBLC SCHS,14404,1082.9,26,Rural,13.3,0.038,0.04,1210.4,57.8,135.2,481.7,0.231,14344.04348,0.634083824,0.614395507,0.0,0.045304389,0.245398773,0.320906088,0.0,0.071731949,0.316658801,0.0,0.044880785,0.0,0.071731949,0.316658801,0.0,0.044880785,0.230247779,0.328424497,0.0,0.075502571,0.320944367,0.95,0.98,0.94,0.87,0.97,0.95,1.0,0.94,0.91,0.95,0.93,0.94,0.9,0.76,0.96,0.94,1.0,0.91,0.8,0.97,0.92,0.88,0.93,0.76,0.95,0.03,0.02,0.02,0.1,0.02,0.03,0.0,0.02,0.07,0.03,0.05,0.02,0.09,0.17,0.02,0.04,0.0,0.07,0.18,0.02,0.05,0.1,0.01,0.22,0.02,0.11199999999999999,0.47,0.41700000000000004,0.091,5.8,77.0,9.5,0.2,5.2,0.0,0.1,2.3,226.0,0.039809759,83.0,0.035607036,5786.0,0.008620972,0.256854933,0.272911907,38.035,-78.4823,0.365916176,0.38560449399999996
2,5100120,101,51-510,ALEXANDRIA CITY PBLC SCHS,16295,880.5,19,City,18.5,0.152,0.045,910.3,108.8,1357.9,592.5,0.421,17924.35294,0.282271417,0.279394131,2.51e-07,0.057168968,0.325548335,0.513809911,0.001320065,0.012388302,0.087327376,0.002305533,0.061246993,0.001320065,0.012388302,0.087327376,0.002305533,0.061246993,0.324879711,0.505914194,0.001102646,0.014635124,0.089915798,0.82,1.0,0.85,0.71,0.93,0.83,0.9,0.88,0.73,0.94,0.81,0.94,0.9,0.64,0.94,0.83,0.84,0.89,0.71,0.97,0.82,0.96,0.93,0.69,0.97,0.11,0.0,0.07,0.19,0.04,0.12,0.06,0.07,0.22,0.03,0.1,0.02,0.02,0.22,0.03,0.08,0.08,0.02,0.16,0.01,0.14,0.04,0.05,0.25,0.02,0.086,0.337,0.5770000000000001,0.10300000000000001,16.7,51.9,21.1,0.1,5.8,0.0,0.3,4.1,564.0,0.099348247,135.0,0.057915058,11818.0,0.017608477,0.174703131,0.188403042,38.81542,-77.051671,0.717728584,0.7206058689999999
3,5100152,3,51-005,ALLEGHANY CO PBLC SCHS,2024,154.3,5,Rural,13.1,0.072,0.039,2024.0,89.2,190.9,421.7,0.6,11523.0,0.882411067,0.879610656,0.0,0.0,0.059311981,0.017793594,0.0,0.066429419,0.856465006,0.0,0.0,0.0,0.066429419,0.856465006,0.0,0.0,0.067088608,0.016455696,0.0,0.06835443,0.848101266,0.93,,0.86,,0.94,0.91,,0.89,,0.91,0.94,,0.88,,0.94,0.94,,0.86,,0.94,0.97,,,,0.97,0.05,,0.05,,0.05,0.05,,0.11,,0.05,0.03,,0.06,,0.03,0.03,,0.07,,0.03,0.02,,,,0.02,0.19899999999999998,0.578,0.22399999999999998,0.19699999999999998,1.5,91.5,5.8,0.0,0.1,0.0,0.2,0.9,61.0,0.010745112,49.0,0.021021021,1366.0,0.0020353,0.414248021,0.434316354,37.789012,-79.881608,0.11758893200000001,0.12038934399999998
4,5100180,4,51-007,AMELIA CO PBLC SCHS,1729,115.0,3,Rural,15.0,0.124,0.007,1729.0,123.5,172.9,432.2,0.333,9530.666667,0.671865973,0.660725261,0.0,0.0,0.281100479,0.081339713,0.0,0.093301435,0.544258373,0.0,0.0,0.0,0.093301435,0.544258373,0.0,0.0,0.276470588,0.077941176,0.0,0.097058824,0.548529412,0.97,,0.97,,0.97,0.94,,1.0,,0.92,0.9,,0.85,,0.92,0.97,,1.0,,0.96,0.98,,0.97,1.0,0.98,0.03,,0.03,,0.03,0.06,,0.0,,0.08,0.04,,0.04,,0.03,0.03,,0.0,,0.04,0.01,,0.0,0.0,0.01,0.136,0.562,0.302,0.107,3.0,73.6,21.2,0.2,0.0,0.0,0.0,2.0,54.0,0.009512066,32.0,0.013728014,914.0,0.001361833,0.274089936,0.249376559,37.334093,-77.988785,0.32813402599999997,0.33927473799999996
5,5100210,5,51-009,AMHERST CO PBLC SCHS,4115,296.2,9,Rural,13.9,0.021,0.021,1371.7,99.6,147.0,304.8,0.667,10344.44444,0.667071689,0.661804697,3.52362e-05,0.0,0.255572065,0.062407132,0.0,0.109955424,0.557701833,0.013677812,0.0,0.0,0.109955424,0.557701833,0.013677812,0.0,0.245187437,0.059777102,0.0,0.114488349,0.566869301,0.91,,0.9,0.9,0.93,0.96,,0.96,,0.95,0.93,,0.94,,0.94,0.86,,0.83,0.88,0.9,0.95,,0.97,1.0,0.95,0.03,,0.04,0.0,0.02,0.02,,0.02,,0.02,0.05,,0.04,,0.04,0.07,,0.09,0.06,0.05,0.03,,0.02,0.0,0.03,0.191,0.5770000000000001,0.231,0.14,2.4,74.7,17.9,0.7,0.5,0.1,0.6,3.1,123.0,0.021666373,37.0,0.015873016,2938.0,0.004377535,0.300103842,0.318777293,37.58227,-79.048071,0.332928311,0.338195303
6,5100240,6,51-011,APPOMATTOX CO PBLC SCHS,2279,154.3,4,Rural,14.8,0.107,0.112,2279.0,101.3,175.3,303.9,0.5,9708.5,0.653795524,0.654929578,0.0,0.0,0.332722273,0.044912924,0.0,0.13015582,0.492208983,0.0,0.0,0.0,0.13015582,0.492208983,0.0,0.0,0.333061225,0.044897959,0.0,0.131428571,0.490612245,0.92,,0.93,,0.91,0.95,,0.97,,0.95,0.94,,0.98,,0.92,0.93,,0.97,,0.93,0.91,,0.89,,0.91,0.04,,0.02,,0.05,0.02,,0.0,,0.02,0.04,,0.02,,0.05,0.04,,0.03,,0.04,0.02,,0.03,,0.03,0.17600000000000002,0.573,0.25,0.132,1.7,76.7,19.7,0.0,0.1,0.0,0.0,1.8,69.0,0.012154307,25.0,0.010725011,1595.0,0.002376504,0.295275591,0.323586745,37.3552,-78.8294,0.34620447600000004,0.345070423
7,5100270,7,51-013,ARLINGTON CO PBLC SCHS,28151,1921.1,41,City,14.7,0.036,0.02,612.0,85.2,150.5,339.2,0.195,18446.5625,0.451387162,0.439757016,6.31e-07,0.12346305,0.195208518,0.582583344,0.0,0.019267334,0.075548232,0.003116798,0.119750656,0.0,0.019267334,0.075548232,0.003116798,0.119750656,0.204560368,0.56578084,0.0,0.023293963,0.083497375,0.91,0.96,0.94,0.77,0.99,0.91,0.95,0.92,0.78,0.98,0.92,0.95,0.94,0.82,0.99,0.92,0.96,0.95,0.81,0.99,0.93,0.97,0.99,0.83,0.99,0.05,0.02,0.02,0.16,0.0,0.07,0.03,0.04,0.18,0.01,0.05,0.01,0.02,0.14,0.0,0.06,0.02,0.03,0.15,0.01,0.05,0.01,0.01,0.14,0.0,0.057,0.261,0.6809999999999999,0.068,15.6,61.5,8.9,0.2,10.2,0.1,0.4,3.1,848.0,0.14937467,256.0,0.10982411,15285.0,0.022774207,0.351256467,0.353017401,38.872682,-77.083473,0.5486128379999999,0.560242984
8,5100300,8,51-015,AUGUSTA CO PBLC SCHS,10339,739.1,18,Rural,14.0,0.028,0.014,2067.8,277.9,165.7,552.9,0.5,12494.85714,0.857474376,0.845123153,1.81362e-06,0.010435225,0.042504454,0.102825146,0.0,0.058793586,0.782641894,0.003707929,0.011409013,0.0,0.058793586,0.782641894,0.003707929,0.011409013,0.041642898,0.091272105,0.0,0.069309755,0.7826583,0.92,,0.82,0.86,0.93,0.91,,0.8,0.88,0.92,0.95,,0.85,0.82,0.96,0.93,,0.92,0.86,0.93,0.94,,0.94,0.94,0.94,0.05,,0.14,0.1,0.04,0.05,,0.07,0.1,0.04,0.03,,0.0,0.11,0.02,0.03,,0.08,0.09,0.02,0.03,,0.06,0.06,0.03,0.155,0.605,0.24,0.087,2.8,90.7,4.1,0.2,0.6,0.1,0.2,1.2,174.0,0.030649991,72.0,0.030888031,5849.0,0.00871484,0.373097693,0.423057128,38.19296,-79.014181,0.14252562400000002,0.15487684699999998
9,5100330,9,51-017,BATH CO PBLC SCHS,529,51.7,3,Rural,10.2,0.116,0.029,inf,91.2,88.2,264.5,0.667,17281.66667,0.918714556,0.909788868,0.0,0.0,0.0,0.0,0.0,0.047794118,0.952205882,0.0,0.0,0.0,0.047794118,0.952205882,0.0,0.0,0.033333333,0.0,0.0,0.043333333,0.923333333,0.94,,,,0.93,0.91,,,,0.9,0.94,,,,0.93,0.88,,,,0.86,0.94,,,,0.93,0.02,,,,0.02,0.07,,,,0.08,0.02,,,,0.02,0.06,,,,0.07,0.06,,,,0.07,0.23199999999999998,0.5329999999999999,0.235,0.109,3.7,89.2,3.0,0.1,0.3,0.0,0.0,3.6,10.0,0.001761494,10.0,0.004290004,273.0,0.000406762,0.169398907,0.28,38.045289,-79.78744,0.081285445,0.090211133
10,5100360,10,51-019,BEDFORD CO PBLC SCHS,9555,669.0,22,Rural,14.3,0.052,0.06,1365.0,159.0,167.6,316.4,0.364,10645.10526,0.807780799,0.803923706,2.06077e-06,0.015479876,0.135964912,0.053663571,0.0,0.069917441,0.721878225,0.003207932,0.016622922,0.0,0.069917441,0.721878225,0.003207932,0.016622922,0.1370662,0.049577136,0.0,0.078448527,0.715077282,0.93,0.83,0.88,0.92,0.94,0.9,0.92,0.86,0.91,0.91,0.92,1.0,0.92,0.83,0.92,0.91,0.92,0.89,0.95,0.91,0.92,0.94,0.89,0.74,0.94,0.05,0.11,0.07,0.08,0.04,0.07,0.08,0.05,0.09,0.07,0.05,0.0,0.07,0.17,0.05,0.05,0.08,0.02,0.0,0.05,0.04,0.06,0.08,0.19,0.02,0.142,0.555,0.304,0.08900000000000001,2.2,87.7,6.9,0.0,1.2,0.0,0.1,2.0,234.0,0.041218954,102.0,0.043758044,6441.0,0.009596903,0.248443133,0.295914612,37.3316,-79.5248,0.1922192,0.196076294
11,5100390,11,51-021,BLAND CO PBLC SCHS,693,51.8,2,Rural,13.4,0.016,0.065,3465.0,88.8,173.2,346.5,0.5,10579.5,0.948051948,0.956716418,0.0,0.0,0.0,0.0,0.0,0.0,1.0,0.0,0.0,0.0,0.0,1.0,0.0,0.0,0.0,0.0,0.0,0.045180723,0.954819277,0.91,,,,0.91,0.98,,,,0.98,0.95,,,,0.95,0.93,,,,0.93,0.96,,,,0.96,0.09,,,,0.09,0.02,,,,0.02,0.05,,,,0.05,0.05,,,,0.06,0.02,,,,0.02,0.23399999999999999,0.556,0.21,0.10300000000000001,1.3,93.9,3.7,0.0,0.2,0.0,0.0,1.0,27.0,0.004756033,10.0,0.004290004,679.0,0.00101169,0.219512195,0.324873096,37.15693,-81.147341,0.051948052,0.043283583
12,5100420,12,51-023,BOTETOURT CO PBLC SCHS,4672,320.2,12,Rural,14.6,0.0,0.01,1557.3,131.2,179.7,389.3,0.417,11010.54545,0.874143836,0.869329722,0.0,0.00798722,0.032747604,0.107827476,0.0,0.076677316,0.774760383,0.0,0.008275862,0.0,0.076677316,0.774760383,0.0,0.008275862,0.03862069,0.10137931,0.0,0.069655172,0.782068966,0.96,,0.94,1.0,0.96,0.94,,0.83,,0.95,0.95,,,,0.96,0.95,,,,0.96,0.96,,,,0.96,0.02,,0.06,0.0,0.01,0.02,,0.0,,0.01,0.02,,,,0.02,0.03,,,,0.03,0.02,,,,0.02,0.139,0.5529999999999999,0.31,0.065,1.7,92.9,3.0,0.1,0.7,0.0,0.0,1.6,65.0,0.011449709,38.0,0.016302016,2539.0,0.003783036,0.272848566,0.251319261,37.5046,-79.8648,0.125856164,0.13067027800000003
13,5100450,102,51-520,BRISTOL CITY PBLC SCHS,2255,158.0,7,Suburb,14.3,0.006,0.056,2255.0,563.8,161.1,451.0,0.571,10702.0,0.80443459,0.781391147,0.0,0.0,0.065359477,0.045751634,0.0,0.095424837,0.793464052,0.0,0.0,0.0,0.095424837,0.793464052,0.0,0.0,0.096727273,0.049454545,0.0,0.117090909,0.736727273,0.9,,0.94,,0.88,0.84,,,,0.83,0.91,,0.88,,0.91,0.84,,0.83,,0.85,0.94,,,,0.94,0.05,,0.06,,0.04,0.04,,,,0.05,0.04,,0.0,,0.05,0.07,,0.0,,0.06,0.0,,,,0.0,0.23399999999999999,0.601,0.166,0.226,2.3,88.2,5.7,0.0,0.2,0.0,0.4,3.2,106.0,0.018671834,34.0,0.014586015,1544.0,0.002300515,0.270491803,0.260299625,36.596965,-82.181538,0.19556541,0.218608852
14,5100480,13,51-025,BRUNSWICK CO PBLC SCHS,1538,105.8,5,Rural,14.5,0.033,0.149,inf,219.7,207.8,307.6,1.0,12825.2,0.172951886,0.157822192,0.0,0.0,0.819362456,0.033057851,0.0,0.016528926,0.131050767,0.0,0.0,0.0,0.016528926,0.131050767,0.0,0.0,0.809310654,0.042972247,0.0,0.014324082,0.133393017,0.82,,0.81,,0.89,0.86,,0.85,,0.89,0.89,,0.9,,0.83,0.8,,0.81,,0.78,0.94,,0.93,,0.96,0.13,,0.15,,0.07,0.11,,0.12,,0.07,0.05,,0.04,,0.09,0.12,,0.1,,0.19,0.01,,0.02,,0.0,0.258,0.595,0.145,0.204,2.2,40.7,54.1,0.0,0.5,0.0,0.2,2.2,53.0,0.009335917,23.0,0.00986701,1322.0,0.001969742,0.300970874,0.25388601,36.81058,-77.771563,0.827048114,0.842177809
15,5100510,14,51-027,BUCHANAN CO PBLC SCHS,2676,192.2,9,Rural,13.9,0.034,0.004,5352.0,297.3,205.8,236.8,0.444,11082.0,0.978699552,0.980127186,0.0,0.0,0.0,0.0,0.0,0.0,1.0,0.0,0.0,0.0,0.0,1.0,0.0,0.0,0.0,0.0,0.0,0.0,1.0,0.86,,,,0.86,0.9,,,,0.9,0.9,,,,0.9,0.87,,,,0.87,0.88,,,,0.88,0.07,,,,0.07,0.05,,,,0.05,0.05,,,,0.05,0.06,,,,0.06,0.05,,,,0.05,0.239,0.586,0.17300000000000001,0.284,0.5,94.9,2.7,0.2,1.0,0.0,0.1,0.6,106.0,0.018671834,43.0,0.018447018,1447.0,0.002155988,0.334365325,0.342622951,37.282547,-82.059899,0.021300447,0.019872814000000003
16,5100540,15,51-029,BUCKINGHAM CO PBLC SCHS,2113,141.2,5,Rural,15.0,0.05,0.05,2113.0,257.7,211.3,201.2,0.4,10572.0,0.53099858,0.517670483,0.0,0.0,0.430901288,0.046351931,0.0,0.09527897,0.427467811,0.0,0.0,0.0,0.09527897,0.427467811,0.0,0.0,0.468834688,0.051490515,0.0,0.089430894,0.390243902,0.91,,0.86,,0.94,0.94,,0.96,,0.95,0.95,,0.98,,0.94,0.94,,0.95,,0.97,0.95,,0.98,,0.93,0.07,,0.1,,0.05,0.04,,0.04,,0.04,0.04,,0.02,,0.05,0.05,,0.0,,0.03,0.04,,0.02,,0.05,0.23600000000000002,0.623,0.14,0.158,2.4,61.2,34.2,0.6,0.2,0.0,0.0,1.5,56.0,0.009864365,30.0,0.012870013,2133.0,0.003178108,0.314479638,0.332474227,37.541926,-78.513433,0.46900142,0.482329516
17,5100560,103,51-530,BUENA VISTA CITY PBLC SCHS,895,67.7,4,Rural,13.2,0.025,0.062,895.0,271.2,111.9,179.0,0.5,11400.25,0.87150838,0.865720524,0.0,0.0,0.080645161,0.02688172,0.0,0.056451613,0.836021505,0.0,0.0,0.0,0.056451613,0.836021505,0.0,0.0,0.06888361,0.035629454,0.0,0.066508314,0.828978622,0.79,,,,0.79,0.9,,,,0.89,0.87,,,,0.89,0.9,,,,0.92,0.84,,,,0.81,0.12,,,,0.12,0.05,,,,0.06,0.07,,,,0.06,0.05,,,,0.04,0.13,,,,0.15,0.419,0.47100000000000003,0.109,0.255,1.8,88.1,7.3,0.1,1.9,0.2,0.0,0.6,22.0,0.003875286,20.0,0.008580009,910.0,0.001355874,0.239382239,0.291497976,37.736863,-79.351204,0.128491621,0.134279476
18,5100600,16,51-031,CAMPBELL CO PBLC SCHS,7921,499.0,15,Rural,15.9,0.037,0.035,1584.2,287.0,249.1,370.1,0.467,9900.153846,0.714556243,0.700654938,4.73695e-06,0.011996801,0.232204745,0.068781658,0.0,0.080511864,0.599840043,0.006133178,0.013142523,0.0,0.080511864,0.599840043,0.006133178,0.013142523,0.226343458,0.066004673,0.0,0.08703271,0.601343458,0.9,,0.86,,0.91,0.93,,0.95,0.86,0.92,0.91,,0.94,0.8,0.92,0.91,,0.89,0.8,0.93,0.94,,0.95,0.81,0.94,0.04,,0.06,,0.04,0.04,,0.02,0.14,0.04,0.03,,0.03,0.1,0.03,0.03,,0.06,0.13,0.02,0.02,,0.03,0.13,0.02,0.168,0.613,0.21899999999999997,0.11,2.5,79.6,14.0,0.2,0.9,0.0,0.2,2.6,174.0,0.030649991,89.0,0.038181038,4521.0,0.006736159,0.347927612,0.361796331,37.276,-79.102781,0.28544375699999996,0.299345063
19,5100660,17,51-033,CAROLINE CO PBLC SCHS,4253,210.8,5,Rural,20.2,0.081,0.047,2126.5,223.8,184.9,425.3,0.4,10216.4,0.530684223,0.521665456,1.029e-05,0.008903468,0.320056232,0.11715089,0.0,0.107310216,0.441893158,0.0,0.00760095,0.0,0.107310216,0.441893158,0.0,0.00760095,0.336342043,0.127315915,0.0,0.106888361,0.421852732,0.88,,0.88,0.88,0.88,0.87,,0.92,0.88,0.86,0.88,,0.91,0.87,0.86,0.93,,0.92,0.95,0.92,0.89,,0.93,0.8,0.86,0.07,,0.06,0.12,0.07,0.08,,0.02,0.06,0.09,0.04,,0.03,0.0,0.07,0.04,,0.04,0.05,0.04,0.08,,0.07,0.13,0.1,0.191,0.555,0.254,0.08800000000000001,4.8,63.2,26.8,0.3,0.9,0.0,0.4,3.7,63.0,0.011097411,37.0,0.015873016,2622.0,0.003906704,0.326431181,0.324422843,38.03825,-77.342811,0.469315778,0.478334543
20,5100690,18,51-035,CARROLL CO PBLC SCHS,3713,289.2,11,Rural,12.8,0.068,0.031,1856.5,233.5,247.5,1687.7,0.636,10782.0,0.900888769,0.914977478,0.0,0.0,0.010968921,0.10511883,0.0,0.015082267,0.868829982,0.0,0.0,0.0,0.015082267,0.868829982,0.0,0.0,0.008280565,0.078908914,0.0,0.015099854,0.897710667,0.92,,,0.93,0.92,0.91,,,,0.91,0.91,,,0.81,0.92,0.9,,,0.92,0.9,0.94,,,0.93,0.95,0.05,,,0.0,0.05,0.05,,,,0.06,0.06,,,0.13,0.05,0.06,,,0.0,0.07,0.03,,,0.07,0.02,0.25,0.622,0.128,0.146,3.5,94.5,0.5,0.3,0.1,0.0,0.0,1.1,215.0,0.037872116,74.0,0.031746032,2672.0,0.003981203,0.302721088,0.333766234,36.767211,-80.735895,0.09911123100000001,0.085022523
21,5100720,19,51-036,CHARLES CITY CO PBLC SCHS,620,54.5,2,Rural,11.4,0.062,0.046,inf,112.7,155.0,155.0,1.0,15400.5,0.324193548,0.322916667,0.003193508,0.0,0.581395349,0.0,0.0,0.078488372,0.302325581,0.03986711,0.0,0.0,0.078488372,0.302325581,0.03986711,0.0,0.531561462,0.0,0.0,0.099667774,0.328903655,0.98,,0.97,,1.0,0.93,,0.95,,0.9,0.9,,0.9,,0.88,1.0,,1.0,,1.0,0.92,,0.91,,0.93,0.0,,0.0,,0.0,0.06,,0.03,,0.1,0.1,,0.1,,0.12,0.0,,0.0,,0.0,0.08,,0.09,,0.07,0.13,0.642,0.228,0.132,1.9,42.3,45.1,6.5,0.9,0.0,0.3,3.0,35.0,0.006165228,16.0,0.006864007,502.0,0.000747965,0.282208589,0.361538462,37.351462,-77.077427,0.675806452,0.677083332
22,5100750,20,51-037,CHARLOTTE CO PBLC SCHS,1763,126.5,5,Rural,13.9,0.085,0.092,inf,176.3,440.8,271.2,0.6,13262.8,0.627906977,0.609501738,0.0,0.0,0.389328063,0.03458498,0.0,0.091897233,0.484189723,0.0,0.0,0.0,0.091897233,0.484189723,0.0,0.0,0.409144197,0.030480657,0.0,0.100820633,0.459554514,0.91,,0.94,,0.89,0.87,,0.95,,0.81,0.89,,0.92,,0.88,0.9,,0.84,,0.93,0.91,,0.95,,0.89,0.07,,0.06,,0.07,0.09,,0.05,,0.12,0.07,,0.04,,0.07,0.06,,0.11,,0.03,0.05,,0.0,,0.08,0.23399999999999999,0.639,0.128,0.237,2.2,67.9,28.0,0.0,0.4,0.0,0.0,1.5,56.0,0.009864365,21.0,0.009009009,870.0,0.001296275,0.219959267,0.259656652,37.053381,-78.636436,0.372093024,0.390498262
23,5100780,104,51-540,CHARLOTTESVILLE CTY PBLC SCHS,4542,354.8,10,City,12.8,0.034,0.036,1135.5,45.2,126.2,1032.3,0.5,16110.55556,0.41681338,0.397041559,0.0,0.080726539,0.51715439,0.154389506,0.0,0.099899092,0.147830474,0.0,0.068135246,0.0,0.099899092,0.147830474,0.0,0.068135246,0.515881148,0.15420082,0.0,0.106557377,0.15522541,0.89,0.71,0.88,0.75,0.96,0.9,0.84,0.85,0.82,0.96,0.93,1.0,0.88,0.9,0.96,0.96,0.94,0.96,0.91,0.97,0.95,0.79,0.97,0.77,0.99,0.08,0.29,0.08,0.13,0.02,0.06,0.12,0.1,0.15,0.01,0.05,0.0,0.06,0.1,0.03,0.02,0.0,0.01,0.06,0.01,0.03,0.07,0.02,0.11,0.0,0.146,0.502,0.35200000000000004,0.24100000000000002,5.5,65.7,18.7,0.2,7.1,0.1,0.1,2.6,106.0,0.018671834,57.0,0.024453024,4020.0,0.005989683,0.169531713,0.150262085,38.055288,-78.484845,0.58318662,0.602958441
24,5100810,136,51-550,CHESAPEAKE CITY PBLC SCHS,41597,2757.5,48,Suburb,15.1,0.029,0.006,2310.9,159.2,184.5,322.5,0.292,11329.48889,0.458350362,0.444307212,1.48e-07,0.01959026,0.534662344,0.112161137,0.002207353,0.07505001,0.253224805,0.0024932,0.019718948,0.002207353,0.07505001,0.253224805,0.0024932,0.019718948,0.534300393,0.12178906,0.002644303,0.079177999,0.239876096,0.93,0.99,0.91,0.93,0.95,0.93,1.0,0.91,0.93,0.94,0.93,0.99,0.91,0.91,0.94,0.94,1.0,0.91,0.92,0.95,0.94,0.97,0.92,0.93,0.95,0.04,0.01,0.05,0.04,0.03,0.04,0.0,0.05,0.05,0.03,0.04,0.0,0.06,0.07,0.03,0.03,0.0,0.05,0.04,0.02,0.03,0.03,0.04,0.05,0.03,0.131,0.499,0.371,0.086,6.2,57.4,29.3,0.1,3.1,0.1,0.3,3.6,1002.0,0.176501673,298.0,0.127842128,20989.0,0.031273001,0.334170329,0.353512464,36.714377,-76.248354,0.541649638,0.555692788
25,5100840,21,51-041,CHESTERFIELD CO PBLC SCHS,62614,3970.2,69,Suburb,15.8,0.09,0.015,inf,66.2,184.8,531.1,0.319,10074.63934,0.483045844,0.460774333,3.04e-08,0.027946389,0.357640445,0.299303377,0.002077647,0.051044934,0.26015399,0.001941828,0.027020327,0.002077647,0.051044934,0.26015399,0.001941828,0.027020327,0.367831763,0.311188233,0.001569988,0.053834077,0.236613783,0.91,0.96,0.91,0.82,0.93,0.9,0.95,0.89,0.79,0.93,0.91,0.97,0.92,0.78,0.93,0.91,0.96,0.91,0.77,0.94,0.92,0.98,0.93,0.79,0.95,0.06,0.03,0.07,0.15,0.05,0.07,0.02,0.07,0.19,0.05,0.07,0.02,0.06,0.19,0.05,0.07,0.03,0.06,0.19,0.04,0.06,0.02,0.05,0.19,0.04,0.115,0.522,0.364,0.068,8.8,61.8,22.7,0.3,3.4,0.0,0.2,2.7,975.0,0.17174564,436.0,0.187044187,27917.0,0.041595521,0.298250016,0.307002945,37.3759,-77.5031,0.516954158,0.539225667
26,5100870,22,51-043,CLARKE CO PBLC SCHS,1924,141.2,4,Town,13.6,0.051,0.073,2405.0,43.0,137.4,481.0,0.5,11668.0,0.773624091,0.756446991,0.0,0.0,0.046052632,0.26754386,0.0,0.11622807,0.570175439,0.0,0.0,0.0,0.11622807,0.570175439,0.0,0.0,0.049250535,0.254817987,0.0,0.109207709,0.586723769,0.98,,,1.0,0.98,0.98,,,0.87,0.99,0.99,,,,0.99,0.98,,,1.0,0.99,0.97,,,0.95,0.98,0.01,,,0.0,0.01,0.01,,,0.07,0.0,0.01,,,,0.01,0.0,,,0.0,0.0,0.02,,,0.05,0.01,0.158,0.441,0.402,0.076,5.6,86.1,5.4,0.0,0.7,0.0,0.0,2.3,44.0,0.007750572,20.0,0.008580009,983.0,0.001464641,0.268370607,0.272407733,39.154959,-77.987428,0.22637590800000001,0.243553009
27,5100930,202,,COLONIAL BEACH PBLC SCHS,652,38.6,2,Town,16.9,0.167,0.19,inf,296.4,163.0,543.3,0.5,11049.5,0.598159509,0.597791798,0.0,0.0,0.35042735,0.045584046,0.0,0.122507123,0.481481482,0.0,0.0,0.0,0.122507123,0.481481482,0.0,0.0,0.298850575,0.054597701,0.0,0.132183908,0.514367816,0.95,,0.9,,0.96,0.96,,0.91,,0.96,0.89,,1.0,,0.81,1.0,,,,1.0,0.97,,,,0.96,0.05,,0.1,,0.04,0.04,,0.09,,0.04,0.05,,0.0,,0.09,0.0,,,,0.0,0.0,,,,0.0,0.0,0.0,0.0,,,,,,,,,,,0.0,,0.0,,0.0,,,38.249988,-76.961622,0.40184049099999997,0.402208201
28,5100960,106,51-570,COLONIAL HEIGHTS CITY PBLC SCHS,2899,220.2,6,Suburb,13.2,0.024,0.008,1449.5,87.8,161.1,329.4,0.667,12214.8,0.577440497,0.543103448,0.0,0.030712531,0.284398034,0.123464374,0.0,0.094594595,0.466830467,0.0,0.031360947,0.0,0.094594595,0.466830467,0.0,0.031360947,0.298816568,0.117751479,0.0,0.098816568,0.453254438,0.93,,0.97,1.0,0.92,0.96,1.0,1.0,0.91,0.95,0.91,,0.93,0.84,0.92,0.94,,0.91,0.94,0.94,0.87,,0.84,0.74,0.89,0.02,,0.0,0.0,0.02,0.0,0.0,0.0,0.0,0.0,0.04,,0.0,0.11,0.03,0.04,,0.07,0.06,0.03,0.06,,0.11,0.16,0.03,0.162,0.6,0.239,0.121,5.9,72.3,14.6,0.3,4.2,0.0,0.2,2.5,79.0,0.013915801,61.0,0.026169026,1709.0,0.00254636,0.284196547,0.314112291,37.2426,-77.4085,0.422559504,0.456896552
29,5100990,107,51-580,COVINGTON CITY PBLC SCHS,1018,68.4,3,Town,14.9,0.131,0.0,inf,74.9,,2545.0,0.333,10060.66667,0.733791749,0.74015748,0.0,0.0,0.184210526,0.049707602,0.0,0.119883041,0.64619883,0.0,0.0,0.0,0.119883041,0.64619883,0.0,0.0,0.168350168,0.057239057,0.0,0.111111111,0.663299663,0.8,,0.9,,0.77,0.86,,,,0.82,0.81,,,,0.84,0.88,,0.86,,0.87,0.16,,0.2,,0.15,0.14,,0.0,,0.17,0.03,,,,0.02,0.07,,,,0.05,0.05,,0.07,,0.05,0.05,,0.0,,0.08,0.163,0.6990000000000001,0.138,0.132,2.4,81.0,12.5,0.0,1.2,0.2,0.0,2.8,29.0,0.005108332,13.0,0.005577006,603.0,0.000898453,0.293577982,0.276679842,37.7867,-79.9865,0.266208251,0.25984252
30,5101020,23,51-045,CRAIG CO PBLC SCHS,588,50.3,2,Rural,11.7,0.117,0.0,588.0,96.4,147.0,2940.0,0.5,10887.0,0.981292517,0.981684982,0.0,0.0,0.0,0.0,0.0,0.0,1.0,0.0,0.0,0.0,0.0,1.0,0.0,0.0,0.0,0.0,0.0,0.0,1.0,0.96,,,,0.96,0.89,,,,0.89,0.88,,,,0.88,0.86,,,,0.86,0.9,,,,0.89,0.02,,,,0.02,0.07,,,,0.07,0.06,,,,0.06,0.03,,,,0.03,0.08,,,,0.09,0.131,0.6459999999999999,0.223,0.08900000000000001,0.0,98.6,0.1,0.0,0.0,0.0,0.0,1.2,18.0,0.003170689,6.0,0.002574003,316.0,0.000470831,0.369565217,0.303030303,37.518784,-80.083861,0.018707484,0.018315018000000002
31,5101050,24,51-047,CULPEPER CO PBLC SCHS,8516,560.3,11,Town,15.2,0.07,0.027,1703.2,76.0,193.5,283.9,0.273,10153.1,0.528693815,0.508963178,2.61596e-06,0.008883249,0.176142132,0.391370558,0.0,0.083756345,0.335786802,0.005109282,0.009934715,0.0,0.083756345,0.335786802,0.005109282,0.009934715,0.199545842,0.330684076,0.0,0.091683225,0.363042861,0.93,,0.92,0.8,0.96,0.9,,0.88,0.68,0.95,0.92,1.0,0.92,0.79,0.96,0.89,,0.89,0.77,0.93,0.91,,0.87,0.84,0.94,0.04,,0.04,0.13,0.02,0.07,,0.04,0.29,0.03,0.05,0.0,0.03,0.18,0.01,0.08,,0.05,0.21,0.03,0.06,,0.07,0.16,0.03,0.161,0.503,0.33799999999999997,0.078,10.7,70.3,13.9,0.4,1.7,0.1,0.5,2.6,191.0,0.033644531,64.0,0.027456027,4657.0,0.006938795,0.31270183,0.296335635,38.48666,-77.992211,0.47130618500000004,0.491036821
32,5101080,25,51-049,CUMBERLAND CO PBLC SCHS,1321,103.0,4,Rural,12.8,0.103,0.017,1321.0,330.2,220.2,1321.0,0.25,10986.33333,0.495836488,0.485690924,0.0,0.0,0.454770756,0.054522924,0.0,0.089219331,0.401486989,0.0,0.0,0.0,0.089219331,0.401486989,0.0,0.0,0.423631124,0.03314121,0.0,0.099423631,0.443804035,0.91,,0.89,,0.95,0.95,,0.96,,0.96,0.94,,0.97,,0.92,0.93,,0.93,,0.91,0.94,,0.98,,0.93,0.06,,0.03,,0.05,0.03,,0.02,,0.04,0.03,,0.03,,0.03,0.03,,0.03,,0.04,0.04,,0.0,,0.05,0.24100000000000002,0.573,0.185,0.17800000000000002,0.9,63.3,30.0,0.1,1.2,0.0,0.0,4.4,30.0,0.005284481,9.0,0.003861004,496.0,0.000739026,0.330218069,0.33447099,37.492862,-78.248024,0.504163513,0.514309076
33,5101110,108,51-590,DANVILLE CITY PBLC SCHS,5702,388.1,14,Town,14.7,0.058,0.088,inf,132.9,203.6,475.2,0.5,12183.81818,0.184847422,0.176021798,0.0,0.008426966,0.725772472,0.061095506,0.0,0.041783708,0.162921348,0.0,0.007686932,0.0,0.041783708,0.162921348,0.0,0.007686932,0.754716981,0.057651992,0.0,0.035639413,0.144304682,0.81,,0.79,0.94,0.83,0.77,,0.73,0.85,0.87,0.81,,0.76,0.9,0.89,0.82,0.9,0.79,0.88,0.88,0.81,,0.79,0.89,0.86,0.07,,0.08,0.03,0.07,0.12,,0.14,0.04,0.09,0.09,,0.11,0.03,0.05,0.1,0.0,0.12,0.08,0.05,0.09,,0.11,0.08,0.05,0.25,0.589,0.161,0.22399999999999998,4.3,42.4,48.8,0.1,1.2,0.1,0.1,3.1,291.0,0.051259468,137.0,0.058773059,4430.0,0.006600572,0.197340426,0.218920558,36.58768,-79.390971,0.8151525780000001,0.823978202
34,5101140,26,51-051,DICKENSON CO PBLC SCHS,2064,141.9,5,Rural,14.5,0.057,0.0,2064.0,59.7,172.0,242.8,0.6,11409.4,0.975775194,0.97458058,0.0,0.0,0.0,0.0,0.0,0.0,1.0,0.0,0.0,0.0,0.0,1.0,0.0,0.0,0.016815035,0.0,0.0,0.0,0.983184965,0.9,,,,0.91,0.88,,,,0.88,0.91,,,,0.92,0.95,,,,0.94,0.95,,,,0.95,0.06,,,,0.06,0.1,,,,0.1,0.07,,,,0.06,0.03,,,,0.03,0.03,,,,0.03,0.226,0.532,0.24100000000000002,0.257,0.9,97.6,0.6,0.1,0.1,0.0,0.0,0.8,41.0,0.007222124,16.0,0.006864007,942.0,0.001403553,0.335784314,0.310776942,37.150416,-82.457554,0.024224805000000002,0.025419421
35,5101170,27,51-053,DINWIDDIE CO PBLC SCHS,4347,274.0,7,Rural,15.9,0.063,0.014,1449.0,76.3,167.2,289.8,0.571,10988.57143,0.544283414,0.536231884,0.0,0.0,0.398160315,0.104248795,0.0,0.063074901,0.434515988,0.0,0.0,0.0,0.063074901,0.434515988,0.0,0.0,0.375148397,0.100118718,0.0,0.067669173,0.457063712,0.87,,0.88,1.0,0.86,0.9,,0.89,0.84,0.91,0.88,,0.93,0.78,0.87,0.86,,0.88,0.8,0.86,0.91,,0.92,0.89,0.91,0.06,,0.06,0.0,0.07,0.08,,0.09,0.16,0.07,0.07,,0.04,0.11,0.08,0.05,,0.04,0.1,0.03,0.05,,0.04,0.06,0.05,0.172,0.589,0.23800000000000002,0.121,3.5,61.9,31.8,0.0,0.9,0.1,0.6,1.3,93.0,0.016381892,44.0,0.018876019,2133.0,0.003178108,0.467142857,0.471875,37.0784,-77.5864,0.45571658699999995,0.463768117
36,5101200,28,51-057,ESSEX CO PBLC SCHS,1320,109.7,3,Town,12.0,0.16,0.104,1320.0,660.0,165.0,322.0,0.667,12719.66667,0.30530303,0.301470588,0.0,0.020642202,0.612385321,0.063073395,0.0,0.092889908,0.211009174,0.0,0.024067389,0.0,0.092889908,0.211009174,0.0,0.024067389,0.614921781,0.055354994,0.0,0.095066185,0.210589651,0.87,,0.92,0.82,0.83,0.86,,0.88,,0.82,0.93,,0.95,,0.9,0.9,,0.91,,0.88,0.9,,0.91,,0.84,0.09,,0.07,0.18,0.09,0.06,,0.02,,0.1,0.06,,0.03,,0.1,0.05,,0.04,,0.08,0.04,,0.07,,0.03,0.20800000000000002,0.5820000000000001,0.21,0.168,3.6,54.8,39.3,0.0,0.6,0.0,0.0,1.7,45.0,0.007926722,10.0,0.004290004,768.0,0.001144298,0.266490765,0.287833828,37.9303,-76.8607,0.694696971,0.698529412
37,5101260,29,51-059,FAIRFAX CO PBLC SCHS,188887,13132.5,221,Suburb,14.4,0.04,0.028,1104.6,86.6,153.5,697.0,0.213,16226.31937,0.378409993,0.367878007,1.16e-08,0.132060447,0.157868066,0.566627455,0.001049679,0.019690526,0.119174735,0.003560641,0.140145226,0.001049679,0.019690526,0.119174735,0.003560641,0.140145226,0.164289572,0.543677862,0.000880158,0.021543878,0.125902663,0.92,0.97,0.93,0.77,0.97,0.91,0.97,0.92,0.74,0.98,0.92,0.98,0.94,0.74,0.98,0.91,0.98,0.93,0.75,0.98,0.93,0.98,0.96,0.79,0.99,0.06,0.02,0.05,0.21,0.01,0.07,0.02,0.05,0.24,0.01,0.07,0.01,0.04,0.24,0.01,0.07,0.02,0.05,0.23,0.01,0.06,0.01,0.03,0.2,0.01,0.08900000000000001,0.322,0.589,0.061,16.3,50.7,9.5,0.1,19.1,0.1,0.3,3.8,4025.0,0.709001233,1082.0,0.464178464,76795.0,0.114422323,0.323802369,0.318794418,38.8682,-77.2242,0.621590007,0.6321219930000002
38,5101290,109,51-610,FALLS CHURCH CITY PBLC SCHS,2648,172.9,5,Suburb,15.3,0.023,0.014,882.7,59.5,132.4,420.3,0.2,19378.75,0.629671574,0.6308,0.0,0.111111111,0.106060606,0.611111111,0.0,0.0,0.171717172,0.0,0.112820513,0.0,0.0,0.171717172,0.0,0.112820513,0.107692308,0.61025641,0.0,0.0,0.169230769,0.99,1.0,,1.0,0.99,0.99,1.0,,1.0,0.99,0.99,1.0,1.0,0.93,0.99,0.98,0.95,,1.0,0.98,0.95,1.0,0.91,0.85,0.97,0.01,0.0,,0.0,0.01,0.0,0.0,,0.0,0.0,0.01,0.0,0.0,0.07,0.0,0.0,0.0,,0.0,0.0,0.02,0.0,0.0,0.06,0.02,0.043,0.235,0.721,0.032,10.7,71.7,4.6,0.0,9.9,0.0,0.0,3.1,22.0,0.003875286,9.0,0.003861004,434.0,0.000646647,0.126963351,0.152838428,38.8882,-77.1802,0.37032842600000004,0.36920000000000003
39,5101320,30,51-061,FAUQUIER CO PBLC SCHS,11181,869.3,20,Suburb,12.9,0.047,0.081,1863.5,76.1,162.0,219.2,0.25,12761.47368,0.669439227,0.648659153,0.0,0.01226158,0.158038147,0.38726158,0.0,0.072207084,0.370231608,0.0,0.011950655,0.0,0.072207084,0.370231608,0.0,0.011950655,0.158828065,0.379336931,0.0,0.075558982,0.374325366,0.95,,0.87,0.89,0.97,0.96,0.87,0.88,0.88,0.97,0.96,1.0,0.96,0.92,0.97,0.94,1.0,0.9,0.88,0.96,0.96,1.0,0.96,0.93,0.96,0.02,,0.07,0.05,0.01,0.02,0.07,0.06,0.06,0.02,0.02,0.0,0.03,0.07,0.01,0.02,0.0,0.06,0.08,0.01,0.02,0.0,0.01,0.05,0.01,0.098,0.40299999999999997,0.5,0.057999999999999996,8.3,80.0,7.3,0.3,1.7,0.0,0.1,2.2,202.0,0.035582174,70.0,0.03003003,4693.0,0.006992434,0.290575916,0.28373494,38.7146,-77.8091,0.33056077300000003,0.351340847
40,5101350,31,51-063,FLOYD CO PBLC SCHS,1919,121.8,5,Rural,15.8,0.035,0.07,inf,40.7,191.9,383.8,0.8,11262.2,0.887675507,0.884888162,0.0,0.0,0.026315789,0.083732057,0.0,0.059808612,0.830143541,0.0,0.0,0.0,0.059808612,0.830143541,0.0,0.0,0.020075282,0.080301129,0.0,0.053952321,0.845671267,0.93,,,,0.93,0.93,,,,0.93,0.98,,,,0.98,0.99,,,,0.99,0.98,,,,0.98,0.07,,,,0.07,0.06,,,,0.06,0.02,,,,0.02,0.01,,,,0.01,0.02,,,,0.02,0.21,0.634,0.156,0.10300000000000001,2.9,93.2,1.5,0.5,0.1,0.0,0.1,1.6,31.0,0.005460631,23.0,0.00986701,873.0,0.001300745,0.339130435,0.303418803,36.9159,-80.3161,0.112324493,0.115111838
41,5101380,32,51-065,FLUVANNA CO PBLC SCHS,3549,241.4,5,Rural,14.7,0.034,0.0,1774.5,100.0,161.3,319.7,0.6,10823.0,0.694280079,0.673036093,0.0,0.0,0.248851455,0.101837672,0.0,0.108728943,0.54058193,0.0,0.0,0.0,0.108728943,0.54058193,0.0,0.0,0.247224278,0.106587713,0.0,0.120651369,0.52553664,0.94,,0.96,0.8,0.94,0.97,,1.0,1.0,0.96,0.96,,0.95,1.0,0.95,0.94,,0.92,0.94,0.95,0.96,,0.9,,0.96,0.02,,0.0,0.1,0.03,0.02,,0.0,0.0,0.03,0.02,,0.02,0.0,0.02,0.02,,0.02,0.0,0.02,0.02,,0.04,,0.02,0.10300000000000001,0.556,0.341,0.055,3.5,78.2,14.2,0.2,0.7,0.1,0.1,3.0,84.0,0.014796547,18.0,0.007722008,1918.0,0.002857764,0.290192113,0.267676768,37.873679,-78.260679,0.305719921,0.326963906
42,5101440,33,51-067,FRANKLIN CO PBLC SCHS,6887,517.0,16,Town,13.3,0.052,0.018,1377.4,66.5,140.6,459.1,0.5,11429.30769,0.768259039,0.751568958,0.0,0.004061231,0.112777257,0.107778819,0.0,0.099343955,0.676038738,0.0,0.005689001,0.0,0.099343955,0.676038738,0.0,0.005689001,0.118204804,0.103982301,0.0,0.103666245,0.668457649,0.92,,0.89,0.86,0.92,0.93,,0.93,0.9,0.94,0.9,,0.85,0.89,0.9,0.91,,0.9,0.83,0.92,0.93,,0.93,0.91,0.93,0.05,,0.07,0.14,0.05,0.06,,0.04,0.1,0.05,0.07,,0.08,0.11,0.07,0.09,,0.1,0.13,0.08,0.06,,0.08,0.09,0.06,0.17300000000000001,0.56,0.266,0.145,2.8,87.2,7.4,0.3,0.5,0.0,0.3,1.5,186.0,0.032763784,77.0,0.033033033,4066.0,0.006058222,0.319948187,0.321380244,37.016,-79.8703,0.231740962,0.248431042
43,5101410,135,51-620,FRANKLIN CITY PBLC SCHS,1078,81.4,3,Town,13.2,0.033,0.152,1078.0,107.8,179.7,269.5,0.667,13867.33333,0.141929499,0.151750973,0.0,0.0,0.867709815,0.021337127,0.0,0.028449502,0.082503556,0.0,0.0,0.0,0.028449502,0.082503556,0.0,0.0,0.88,0.0,0.0,0.027692308,0.092307692,0.89,,0.88,,0.92,0.87,,0.84,,,0.93,,0.93,,,0.96,,0.97,,0.92,0.9,,0.88,,,0.06,,0.07,,0.0,0.09,,0.11,,,0.06,,0.07,,,0.01,,0.02,,0.0,0.1,,0.12,,,0.188,0.602,0.209,0.147,1.1,36.9,56.7,0.0,1.3,0.0,0.0,4.1,57.0,0.010040514,32.0,0.013728014,1138.0,0.001695587,0.252747253,0.234265734,36.677158,-76.9238,0.858070501,0.8482490269999999
44,5101470,34,51-069,FREDERICK CO PBLC SCHS,13875,972.6,18,Rural,14.3,0.037,0.014,1632.4,89.7,170.0,330.4,0.5,11991.44444,0.696757925,0.677538644,1.02899e-06,0.017488411,0.054782975,0.375474083,0.0,0.059207754,0.490729035,0.002294104,0.018352833,0.0,0.059207754,0.490729035,0.002294104,0.018352833,0.054829089,0.380362469,0.0,0.06056435,0.483597155,0.93,1.0,0.96,0.9,0.93,0.95,1.0,0.96,0.91,0.95,0.93,1.0,0.88,0.88,0.94,0.93,0.94,0.96,0.86,0.94,0.93,1.0,0.92,0.82,0.96,0.03,0.0,0.02,0.05,0.03,0.02,0.0,0.02,0.04,0.02,0.05,0.0,0.06,0.09,0.04,0.04,0.0,0.02,0.08,0.03,0.05,0.0,0.04,0.15,0.03,0.13,0.534,0.336,0.062,8.6,83.4,3.9,0.3,1.3,0.1,0.0,2.4,245.0,0.043156597,101.0,0.043329043,8001.0,0.011921258,0.373559078,0.397546898,39.190219,-78.186758,0.30324207500000006,0.322461357
45,5101510,110,51-630,FREDERICKSBURG CITY PBLC SCHS,3755,256.3,5,Suburb,14.7,0.096,0.027,1251.7,76.3,187.8,751.0,0.6,13153.25,0.287882823,0.269393512,0.0,0.077960141,0.417936694,0.290152403,0.0,0.077960141,0.135990621,0.003469813,0.082581541,0.0,0.077960141,0.135990621,0.003469813,0.082581541,0.341776544,0.249132547,0.0,0.084663428,0.238376128,0.89,1.0,0.89,0.8,0.9,0.83,,0.86,0.79,0.85,0.83,,0.92,0.57,0.86,0.84,0.92,0.87,0.67,0.9,0.83,1.0,0.88,0.58,0.95,0.09,0.0,0.07,0.2,0.08,0.13,,0.08,0.21,0.13,0.13,,0.05,0.33,0.11,0.11,0.08,0.06,0.25,0.1,0.11,0.0,0.07,0.32,0.01,0.152,0.473,0.377,0.155,10.7,59.4,20.7,0.2,2.7,0.1,0.3,6.0,103.0,0.018143386,23.0,0.00986701,2133.0,0.003178108,0.100331675,0.088716271,38.293849,-77.458718,0.712117177,0.7306064889999999
46,5101560,111,51-640,GALAX CITY PBLC SCHS,1338,101.6,3,Town,13.2,0.078,0.096,1338.0,334.5,191.1,669.0,0.333,10332.66667,0.579970105,0.572184429,0.0,0.0,0.085234094,0.447779112,0.0,0.040816327,0.426170468,0.0,0.0,0.0,0.040816327,0.426170468,0.0,0.0,0.09103079,0.390896921,0.0,0.050870147,0.467202142,0.86,,,0.73,0.9,0.89,,,0.94,0.91,0.93,,,0.85,0.94,0.89,,,0.95,0.89,0.91,,,0.84,0.96,0.08,,,0.23,0.03,0.01,,,0.03,0.0,0.04,,,0.05,0.04,0.05,,,0.05,0.04,0.05,,,0.13,0.0,0.344,0.529,0.126,0.23800000000000002,14.5,79.1,5.0,0.0,0.6,0.2,0.3,0.3,97.0,0.017086489,53.0,0.022737023,1168.0,0.001740286,0.256338028,0.227665706,36.653633,-80.920604,0.42002989599999996,0.42781557
47,5101590,35,51-071,GILES CO PBLC SCHS,2389,175.1,6,Town,13.6,0.037,0.019,2389.0,147.5,199.1,645.7,0.5,9929.8,0.954469507,0.948695652,0.0,0.0,0.022807018,0.018421053,0.0,0.020175439,0.938596491,0.0,0.0,0.0,0.020175439,0.938596491,0.0,0.0,0.024276377,0.019607843,0.0,0.01774043,0.93837535,0.85,,,,0.87,0.9,,,,0.9,0.93,,,,0.93,0.91,,,,0.91,0.91,,,,0.91,0.11,,,,0.1,0.05,,,,0.06,0.07,,,,0.06,0.03,,,,0.03,0.04,,,,0.04,0.161,0.643,0.196,0.102,1.7,94.9,2.2,0.0,0.1,0.2,0.0,0.9,51.0,0.008983618,22.0,0.009438009,1287.0,0.001917593,0.244897959,0.31981982,37.3309,-80.7437,0.045530493000000005,0.051304348
48,5101620,36,51-073,GLOUCESTER CO PBLC SCHS,5306,376.7,9,Rural,14.1,0.03,0.0,1326.5,108.3,160.8,312.1,0.556,10990.125,0.803618545,0.795995242,0.0,0.0,0.106186069,0.072576717,0.0,0.092060399,0.729176814,0.0,0.0,0.0,0.092060399,0.729176814,0.0,0.0,0.103222793,0.078000934,0.0,0.092480149,0.726296123,0.91,,0.83,1.0,0.91,0.9,,0.91,0.93,0.91,0.93,,1.0,0.85,0.93,0.93,,0.79,1.0,0.94,0.93,,1.0,0.91,0.93,0.04,,0.03,0.0,0.04,0.07,,0.09,0.07,0.06,0.02,,0.0,0.08,0.02,0.03,,0.1,0.0,0.03,0.03,,0.0,0.04,0.03,0.13,0.589,0.281,0.08800000000000001,3.6,84.9,8.8,0.0,0.7,0.0,0.0,1.9,62.0,0.010921261,48.0,0.020592021,2208.0,0.003289856,0.350413223,0.383936452,37.37879,-76.507461,0.196381454,0.20400475799999998
49,5101650,37,51-075,GOOCHLAND CO PBLC SCHS,2619,205.5,5,Rural,12.7,0.064,0.032,1190.5,80.8,174.6,323.3,0.2,12015.2,0.728522337,0.715724245,0.0,0.0,0.294378698,0.161242604,0.0,0.076923077,0.467455621,0.0,0.0,0.0,0.076923077,0.467455621,0.0,0.0,0.29245283,0.143081761,0.0,0.092767296,0.471698113,0.97,,1.0,,0.97,0.96,,0.93,1.0,0.97,0.94,,0.97,0.91,0.94,0.96,,1.0,1.0,0.96,0.98,,0.98,0.85,1.0,0.02,,0.0,,0.02,0.02,,0.02,0.0,0.02,0.05,,0.03,0.09,0.04,0.02,,0.0,0.0,0.02,0.01,,0.03,0.15,0.0,0.134,0.439,0.42700000000000005,0.052000000000000005,2.8,77.7,15.9,0.0,1.3,0.0,0.2,2.0,52.0,0.009159767,23.0,0.00986701,1454.0,0.002166418,0.192965779,0.195571956,37.6826,-77.8852,0.271477662,0.284275754
50,5101690,38,51-077,GRAYSON CO PBLC SCHS,1556,122.5,7,Rural,12.7,0.097,0.057,1556.0,66.2,251.0,239.4,0.571,11508.16667,0.87596401,0.880026368,0.0,0.0,0.0471597,0.115755627,0.0,0.012861736,0.824222937,0.0,0.0,0.0,0.012861736,0.824222937,0.0,0.0,0.047297297,0.103603604,0.0,0.012387387,0.836711712,0.91,,,,0.9,0.96,,,,0.96,0.91,,,,0.91,0.98,,,,0.98,0.99,,,,0.99,0.03,,,,0.03,0.03,,,,0.03,0.08,,,,0.08,0.01,,,,0.01,0.0,,,,0.0,0.23800000000000002,0.6509999999999999,0.111,0.209,3.4,89.7,5.5,0.2,0.3,0.0,0.0,0.9,95.0,0.016734191,35.0,0.015015015,1480.0,0.002205157,0.315934066,0.371681416,36.62106,-81.148641,0.12403599100000001,0.11997363200000001
51,5101710,39,51-079,GREENE CO PBLC SCHS,2976,188.5,7,Town,15.8,0.04,0.062,992.0,82.9,198.4,372.0,0.286,11089.8,0.71875,0.701161202,0.0,0.018837019,0.097461097,0.155610156,0.0,0.121212121,0.606879607,0.0,0.018691589,0.0,0.121212121,0.606879607,0.0,0.018691589,0.098490295,0.156002876,0.0,0.121495327,0.605319914,0.93,,0.91,0.83,0.95,0.95,,1.0,0.95,0.95,0.95,,1.0,0.88,0.95,0.92,,0.78,0.71,0.95,0.94,,0.77,0.91,0.95,0.06,,0.09,0.17,0.04,0.01,,0.0,0.0,0.02,0.02,,0.0,0.0,0.02,0.02,,0.11,0.0,0.01,0.04,,0.15,0.09,0.03,0.133,0.5720000000000001,0.295,0.064,5.9,82.6,5.2,0.2,1.7,0.0,0.4,4.0,70.0,0.012330456,18.0,0.007722008,1280.0,0.001907163,0.263529412,0.294193548,38.2968,-78.4411,0.281250001,0.298838797
52,5101740,40,51-081,GREENSVILLE CO PBLC SCHS,2223,188.8,4,Town,11.8,0.067,0.129,2223.0,741.0,185.2,300.4,0.5,11545.75,0.177237967,0.156761816,0.0,0.009957326,0.823613087,0.049786629,0.0,0.028449502,0.088193457,0.0,0.017487047,0.0,0.028449502,0.088193457,0.0,0.017487047,0.810880829,0.056994819,0.0,0.025906736,0.08873057,0.85,,0.85,,0.87,0.84,,0.84,,0.9,0.89,,0.86,,0.95,0.87,,0.85,,0.9,0.94,,0.94,,0.98,0.07,,0.08,,0.04,0.08,,0.07,,0.03,0.09,,0.11,,0.05,0.09,,0.1,,0.1,0.05,,0.06,,0.0,0.252,0.638,0.11,0.153,2.5,36.4,58.7,0.1,0.1,0.0,0.0,2.3,54.0,0.009512066,25.0,0.010725011,1581.0,0.002355644,0.408219178,0.559105431,36.69926,-77.536518,0.8227620330000001,0.843238185
53,5101770,41,51-083,HALIFAX CO PBLC SCHS,4896,421.7,11,Town,11.6,0.048,0.101,2448.0,116.0,202.3,604.4,0.636,11586.11111,0.49877451,0.496695801,0.0,0.003642987,0.545355191,0.04007286,0.0,0.049544627,0.361384335,0.0,0.004100041,0.0,0.049544627,0.361384335,0.0,0.004100041,0.553095531,0.039770398,0.0,0.048380484,0.354653547,0.93,,0.91,0.92,0.96,0.91,,0.9,0.58,0.94,0.95,,0.92,0.92,0.97,0.93,,0.92,1.0,0.94,0.93,,0.92,0.86,0.94,0.04,,0.05,0.08,0.03,0.06,,0.06,0.42,0.03,0.02,,0.04,0.08,0.01,0.05,,0.06,0.0,0.04,0.04,,0.04,0.07,0.03,0.203,0.636,0.161,0.139,2.1,59.7,34.6,0.3,0.8,0.0,0.0,2.6,79.0,0.013915801,78.0,0.033462033,2813.0,0.004191288,0.216010165,0.25170068,36.768055,-78.923582,0.50122549,0.503304199
54,5101800,112,51-650,HAMPTON CITY PBLC SCHS,19589,1378.5,33,City,14.2,0.077,0.011,2880.7,102.6,175.5,495.9,0.424,10910.62069,0.230985197,0.217373212,4.92e-07,0.013984462,0.66936737,0.066259711,0.001664817,0.086126526,0.158601554,0.003634277,0.014824024,0.001664817,0.086126526,0.158601554,0.003634277,0.014824024,0.677218822,0.067903596,0.002295333,0.084544759,0.149579189,0.91,0.94,0.91,0.87,0.89,0.91,1.0,0.92,0.97,0.88,0.93,0.94,0.92,0.96,0.92,0.93,1.0,0.93,0.97,0.91,0.96,1.0,0.96,0.98,0.96,0.03,0.06,0.03,0.0,0.02,0.02,0.0,0.03,0.0,0.02,0.02,0.0,0.02,0.0,0.01,0.01,0.0,0.02,0.0,0.01,0.01,0.0,0.02,0.01,0.0,0.17800000000000002,0.589,0.23399999999999999,0.152,5.8,38.2,49.2,0.4,2.4,0.1,0.4,3.6,386.0,0.067993659,178.0,0.076362076,10506.0,0.015653635,0.30091417,0.353549089,37.0251,-76.3478,0.769014802,0.782626788
55,5101830,42,51-085,HANOVER CO PBLC SCHS,17541,1153.5,25,Suburb,15.2,0.024,0.026,1754.1,92.5,171.3,565.8,0.08,10507.28571,0.775782453,0.765603245,2.05076e-06,0.023978468,0.202104233,0.133349645,0.0,0.076094935,0.561047223,0.003236994,0.029364162,0.0,0.076094935,0.561047223,0.003236994,0.029364162,0.193526012,0.136416185,0.0,0.072369942,0.565086705,0.95,1.0,0.92,0.85,0.96,0.95,0.95,0.96,0.8,0.96,0.95,0.97,0.91,0.84,0.96,0.95,0.96,0.95,0.91,0.95,0.96,0.93,0.96,0.91,0.96,0.03,0.0,0.05,0.13,0.02,0.03,0.05,0.03,0.15,0.02,0.03,0.03,0.06,0.13,0.02,0.02,0.04,0.03,0.05,0.02,0.02,0.04,0.01,0.07,0.02,0.10400000000000001,0.466,0.431,0.053,3.0,83.8,8.9,0.3,1.5,0.0,0.3,2.2,284.0,0.050026422,158.0,0.067782068,8165.0,0.012165613,0.278358651,0.295261742,37.7683,-77.4749,0.224217548,0.234396754
56,5101860,113,51-660,HARRISONBURG CITY PBLC SCHS,6611,482.1,10,City,13.7,0.124,0.04,1322.2,149.2,194.4,413.2,0.6,12046.66667,0.329653712,0.316687154,0.0,0.019594441,0.118705856,0.593984962,0.0,0.038505354,0.229209387,0.0,0.019580742,0.0,0.038505354,0.229209387,0.0,0.019580742,0.117945174,0.596867081,0.0,0.041004377,0.224602626,0.89,0.94,0.92,0.89,0.91,0.87,1.0,0.89,0.81,0.92,0.88,1.0,0.92,0.81,0.95,0.89,0.95,0.9,0.8,0.96,0.88,1.0,0.92,0.82,0.94,0.06,0.0,0.02,0.09,0.06,0.09,0.0,0.06,0.15,0.05,0.09,0.0,0.04,0.17,0.03,0.09,0.0,0.08,0.16,0.04,0.09,0.0,0.02,0.16,0.03,0.22899999999999998,0.557,0.215,0.28300000000000003,19.7,66.1,6.5,0.0,3.8,0.0,0.4,3.4,188.0,0.033116082,95.0,0.040755041,6492.0,0.009672892,0.296129032,0.285121107,38.450096,-78.868542,0.6703462899999999,0.683312846
57,5101890,43,51-087,HENRICO CO PBLC SCHS,51786,3030.6,81,Suburb,17.1,0.026,0.004,1618.3,82.9,186.8,398.4,0.259,9805.283582,0.366604874,0.35052101,4.92e-08,0.064317015,0.53531546,0.169014748,0.00108373,0.046082081,0.181972388,0.002283105,0.06467334,0.00108373,0.046082081,0.181972388,0.002283105,0.06467334,0.543774148,0.161573586,0.001097647,0.044827889,0.181770285,0.91,0.94,0.9,0.8,0.93,0.91,0.95,0.9,0.78,0.94,0.92,0.96,0.92,0.81,0.94,0.91,0.96,0.89,0.72,0.95,0.91,0.98,0.89,0.72,0.95,0.06,0.04,0.07,0.17,0.04,0.06,0.03,0.07,0.19,0.04,0.05,0.04,0.06,0.16,0.04,0.07,0.03,0.08,0.24,0.03,0.07,0.02,0.07,0.26,0.03,0.126,0.511,0.36200000000000004,0.091,5.6,53.1,29.5,0.2,8.3,0.0,0.3,3.1,1063.0,0.187246785,616.0,0.264264264,25433.0,0.037894433,0.332860813,0.338446088,37.5416,-77.3823,0.633395125,0.6494789900000001
58,5101920,44,51-089,HENRY CO PBLC SCHS,7381,475.2,13,Rural,15.5,0.037,0.019,1845.2,277.5,182.7,388.5,0.692,9566.692308,0.557106083,0.541935484,0.0,0.003992547,0.229438382,0.18818206,0.0,0.082246473,0.496140538,0.0,0.003743566,0.0,0.082246473,0.496140538,0.0,0.003743566,0.247543285,0.184838559,0.0,0.087271876,0.476602714,0.91,,0.92,0.87,0.92,0.87,,0.84,0.95,0.86,0.88,,0.89,0.93,0.87,0.9,,0.93,0.93,0.89,0.9,,0.94,0.93,0.9,0.05,,0.05,0.13,0.04,0.08,,0.11,0.03,0.08,0.08,,0.08,0.04,0.08,0.06,,0.06,0.03,0.07,0.05,,0.03,0.05,0.06,0.265,0.594,0.141,0.18100000000000002,5.5,69.8,22.2,0.1,0.6,0.0,0.1,1.6,362.0,0.063766074,124.0,0.053196053,4614.0,0.006874726,0.309994353,0.327543424,36.741351,-79.893382,0.44289391699999997,0.4580645159999999
59,5101950,45,51-091,HIGHLAND CO PBLC SCHS,218,22.8,2,Rural,9.5,0.067,0.4,inf,87.2,,109.0,1.0,18850.5,0.972477064,0.967391304,0.0,0.0,0.0,0.0,0.0,0.0,1.0,0.0,0.0,0.0,0.0,1.0,0.0,0.0,0.0,0.0,0.0,0.0,1.0,1.0,,,,1.0,0.82,,,,0.82,1.0,,,,1.0,1.0,,,,1.0,1.0,,,,1.0,0.0,,,,0.0,0.12,,,,0.12,0.0,,,,0.0,0.0,,,,0.0,0.0,,,,0.0,0.162,0.6509999999999999,0.18899999999999997,0.10099999999999999,0.0,99.3,0.0,0.1,0.0,0.0,0.0,0.5,1.0,0.000176149,1.0,0.000429,109.0,0.000162407,0.347826087,0.45,38.4072,-79.5792,0.027522936,0.032608695
60,5101980,114,51-670,HOPEWELL CITY PBLC SCHS,4283,318.9,7,Suburb,13.4,0.073,0.073,4283.0,121.7,194.7,382.4,0.571,11959.2,0.242120009,0.228901462,1.92655e-05,0.009586276,0.665993946,0.093340061,0.0,0.00605449,0.217457114,0.006469761,0.009563994,0.0,0.00605449,0.217457114,0.006469761,0.009563994,0.626722926,0.110829817,0.0,0.019690577,0.226722926,0.85,,0.84,0.91,0.88,0.85,,0.85,0.86,0.85,0.91,,0.91,0.88,0.93,0.86,,0.88,0.86,0.83,0.8,,0.78,0.86,0.84,0.11,,0.12,0.09,0.1,0.13,,0.13,0.14,0.11,0.05,,0.06,0.0,0.04,0.08,,0.05,0.05,0.12,0.07,,0.05,0.14,0.08,0.25,0.574,0.17800000000000002,0.23600000000000002,7.9,46.5,42.2,0.1,1.4,0.0,0.1,1.8,108.0,0.019024132,75.0,0.032175032,2601.0,0.003875415,0.410891089,0.487847222,37.30057,-77.296766,0.757879991,0.771098538
61,5102010,46,51-093,ISLE OF WIGHT CO PBLC SCHS,5630,370.0,9,Rural,15.2,0.041,0.044,2815.0,93.1,165.6,552.0,0.333,10453.44444,0.626642984,0.611378799,0.0,0.014917421,0.445391582,0.05594033,0.0,0.058071391,0.425679275,0.0,0.011855365,0.0,0.058071391,0.425679275,0.0,0.011855365,0.436870184,0.049199763,0.0,0.068761114,0.433313574,0.93,,0.9,1.0,0.93,0.94,,0.9,0.94,0.96,0.96,,0.94,0.91,0.97,0.93,,0.93,1.0,0.93,0.93,,0.91,0.89,0.94,0.04,,0.07,0.0,0.03,0.03,,0.05,0.06,0.02,0.02,,0.03,0.09,0.02,0.04,,0.05,0.0,0.04,0.04,,0.05,0.11,0.03,0.11900000000000001,0.493,0.38799999999999996,0.105,3.1,70.7,22.2,0.4,0.9,0.1,0.0,2.8,150.0,0.026422406,68.0,0.029172029,3147.0,0.004688939,0.271784232,0.317614424,36.974567,-76.648393,0.37335701599999993,0.38862120099999997
62,5102100,48,51-099,KING GEO CO PBLC SCHS,4518,282.4,5,Town,16.0,0.032,0.073,2259.0,142.1,204.4,868.8,0.6,9927.0,0.662461266,0.650919246,0.0,0.0,0.290836653,0.090305445,0.0,0.120185923,0.498671979,0.0,0.0,0.0,0.120185923,0.498671979,0.0,0.0,0.296733212,0.08892922,0.0,0.146098004,0.468239564,0.95,,0.93,1.0,0.96,0.94,,0.93,0.9,0.96,0.95,,0.92,1.0,0.96,0.94,,0.98,1.0,0.93,0.95,,0.89,1.0,0.96,0.04,,0.05,0.0,0.03,0.04,,0.04,0.05,0.02,0.04,,0.06,0.0,0.03,0.03,,0.0,0.0,0.04,0.03,,0.08,0.0,0.02,0.125,0.436,0.43799999999999994,0.051,5.4,73.4,16.2,0.1,1.3,0.0,0.1,3.3,55.0,0.009688216,20.0,0.008580009,1725.0,0.0025702,0.346652268,0.347150259,38.2696,-77.1908,0.337538735,0.34908075400000005
63,5102120,50,51-101,KING WILLIAM CO PBLC SCHS,2188,143.3,4,Rural,15.3,0.038,0.006,2188.0,312.6,182.3,683.8,0.25,11267.5,0.75,0.753861485,0.000448404,0.0,0.325878594,0.062300319,0.0,0.079872204,0.514376997,0.016806723,0.0,0.0,0.079872204,0.514376997,0.016806723,0.0,0.292717087,0.058823529,0.0,0.078431373,0.553221289,0.89,,0.83,,0.91,0.92,,0.96,,0.91,0.9,,0.97,,0.9,0.95,,0.88,,0.96,0.91,,0.88,,0.92,0.11,,0.17,,0.09,0.06,,0.04,,0.06,0.06,,0.0,,0.07,0.03,,0.04,,0.03,0.05,,0.03,,0.05,0.141,0.604,0.255,0.084,2.6,76.8,16.1,0.8,1.2,0.0,0.0,2.5,48.0,0.00845517,12.0,0.005148005,1226.0,0.001826704,0.282706767,0.268370607,37.695374,-77.034736,0.25,0.246138516
64,5102070,49,51-097,KING AND QUEEN CO PBLC SCHS,833,56.5,3,Rural,14.7,0.145,0.101,1666.0,94.7,138.8,208.2,0.667,13361.33333,0.527010804,0.565714286,0.0,0.0,0.396181384,0.059665871,0.0,0.114558473,0.429594272,0.0,0.0,0.0,0.114558473,0.429594272,0.0,0.0,0.328798186,0.040816327,0.0,0.129251701,0.501133787,0.82,,0.81,,0.83,0.74,,0.81,,0.7,0.87,,,,0.79,0.94,,1.0,,0.88,0.93,,1.0,,0.88,0.1,,0.1,,0.1,0.11,,0.06,,0.15,0.11,,,,0.17,0.0,,0.0,,0.0,0.02,,0.0,,0.06,0.125,0.63,0.245,0.124,3.2,66.2,26.2,0.0,0.0,0.0,0.0,4.4,27.0,0.004756033,8.0,0.003432003,400.0,0.000595988,0.234177215,0.26119403,37.669103,-76.876993,0.47298919500000003,0.434285713
65,5102160,51,51-103,LANCASTER CO PBLC SCHS,1079,82.8,3,Rural,13.0,0.074,0.074,1079.0,56.8,107.9,245.2,0.333,13176.0,0.366079703,0.359960552,0.0,0.0,0.733637747,0.0,0.0,0.056316591,0.210045662,0.0,0.0,0.0,0.056316591,0.210045662,0.0,0.0,0.729569094,0.0,0.0,0.052005944,0.218424963,0.9,,0.89,,0.91,0.87,,0.86,,0.88,0.89,,0.85,,0.9,0.84,,0.86,,0.79,0.91,,0.93,,0.88,0.08,,0.09,,0.07,0.13,,0.14,,0.12,0.09,,0.13,,0.08,0.09,,0.06,,0.14,0.06,,0.07,,0.08,0.19399999999999998,0.544,0.261,0.098,0.6,67.5,30.8,0.0,0.8,0.0,0.0,0.2,25.0,0.004403734,16.0,0.006864007,714.0,0.001063839,0.283489097,0.3089701,37.6907,-76.4134,0.6339202970000001,0.640039449
66,5102190,52,51-105,LEE CO PBLC SCHS,3192,262.9,11,Rural,12.1,0.051,0.086,3192.0,99.8,133.0,336.0,0.727,11150.6,0.96585213,0.964566929,0.0,0.0,0.0,0.01147343,0.0,0.009661836,0.978864734,0.0,0.0,0.0,0.009661836,0.978864734,0.0,0.0,0.0,0.01208865,0.0,0.010745467,0.977165883,0.85,,,,0.85,0.77,,,,0.77,0.84,,,,0.84,0.85,,,,0.85,0.88,,,,0.87,0.08,,,,0.08,0.18,,,,0.18,0.09,,,,0.09,0.09,,,,0.09,0.07,,,,0.08,0.244,0.606,0.149,0.255,2.0,92.9,3.9,0.2,0.3,0.0,0.1,0.7,110.0,0.019376431,48.0,0.020592021,2429.0,0.00361914,0.359778598,0.369202226,36.690453,-83.112384,0.034147869,0.035433072
67,5102220,137,51-678,LEXINGTON CITY PBLC SCHS,503,38.1,2,Town,13.2,0.045,0.0,inf,201.2,125.8,5030.0,0.5,10633.5,0.791252485,0.774193548,0.0,0.0,0.188976378,0.165354331,0.0,0.0,0.645669291,0.0,0.0,0.0,0.0,0.645669291,0.0,0.0,0.173553719,0.157024793,0.0,0.0,0.669421488,,,,,,,,,,,,,,,,,,,,,,,,,,,,,,,,,,,,,,,,,,,,,,,,,,,0.272,0.457,0.27,0.27399999999999997,6.1,79.1,8.7,0.0,3.5,0.0,0.2,2.5,26.0,0.004579884,32.0,0.013728014,1207.0,0.001798395,0.0,0.0,37.78635,-79.435081,0.208747517,0.225806453
68,5102250,53,51-107,LOUDOUN CO PBLC SCHS,83606,5995.1,94,Suburb,13.9,0.05,0.019,1520.1,62.3,153.4,269.3,0.085,15336.44444,0.461451396,0.438655173,2.99e-07,0.130880687,0.111919385,0.54522688,0.001192535,0.031125157,0.171247988,0.007813404,0.139830999,0.001192535,0.031125157,0.171247988,0.007813404,0.139830999,0.112860285,0.526507698,0.001041787,0.034205348,0.177740479,0.96,0.98,0.96,0.86,0.98,0.96,0.99,0.95,0.85,0.98,0.96,0.99,0.97,0.84,0.98,0.95,0.99,0.96,0.8,0.98,0.97,0.99,0.97,0.89,0.99,0.03,0.0,0.02,0.11,0.01,0.03,0.0,0.03,0.12,0.01,0.03,0.01,0.01,0.14,0.01,0.03,0.01,0.01,0.15,0.01,0.02,0.0,0.02,0.1,0.0,0.071,0.3,0.629,0.034,13.6,56.1,7.3,0.2,18.5,0.1,0.4,3.8,1065.0,0.187599084,277.0,0.118833119,27846.0,0.041489733,0.279609544,0.268212735,39.0334,-77.5174,0.5385486049999999,0.561344827
69,5102280,54,51-109,LOUISA CO PBLC SCHS,4987,366.1,6,Rural,13.6,0.05,0.014,1108.2,74.5,216.8,412.1,0.667,11592.0,0.696611189,0.697030498,0.0,0.0,0.219941349,0.085043988,0.0,0.11353163,0.581483033,0.0,0.005156684,0.0,0.11353163,0.581483033,0.0,0.005156684,0.216184054,0.085680286,0.0,0.113843713,0.579135264,0.93,,0.94,0.91,0.93,0.92,,0.94,,0.91,0.94,,0.97,1.0,0.94,0.91,,0.92,0.81,0.91,0.94,,0.93,0.95,0.94,0.05,,0.02,0.09,0.06,0.06,,0.03,,0.06,0.04,,0.01,0.0,0.05,0.02,,0.02,0.0,0.03,0.02,,0.03,0.0,0.03,0.19899999999999998,0.5479999999999999,0.254,0.11800000000000001,2.9,78.0,14.7,0.2,0.6,0.0,0.0,3.5,110.0,0.019376431,32.0,0.013728014,1984.0,0.002956102,0.334555454,0.321428571,38.021,-77.9227,0.303388811,0.302969502
70,5102310,55,51-111,LUNENBURG CO PBLC SCHS,1590,116.5,4,Rural,13.7,0.049,0.063,inf,119.5,198.8,397.5,0.5,6476.5,0.489937107,0.493834772,0.0,0.0,0.414512923,0.172962227,0.0,0.06361829,0.348906561,0.0,0.0,0.0,0.06361829,0.348906561,0.0,0.0,0.404761905,0.147869674,0.0,0.068922306,0.378446115,0.82,,0.87,,0.77,0.88,,0.84,,0.91,0.8,,0.66,,0.85,0.91,,0.97,,0.91,0.86,,0.91,,0.87,0.11,,0.06,,0.17,0.09,,0.11,,0.09,0.15,,0.24,,0.11,0.05,,0.0,,0.05,0.08,,0.07,,0.06,0.253,0.616,0.131,0.16399999999999998,5.0,59.4,31.1,0.0,2.8,0.0,0.0,1.8,26.0,0.004579884,13.0,0.005577006,773.0,0.001151748,0.298050139,0.347181009,36.966652,-78.15579,0.5100628930000001,0.506165228
71,5102340,115,51-680,LYNCHBURG CITY PBLC SCHS,8197,600.6,18,City,13.6,0.062,0.046,1639.4,341.5,185.9,236.2,0.611,11551.25,0.326171401,0.313528451,1.41031e-06,0.015492667,0.649659161,0.063416649,0.0,0.103284445,0.164841975,0.002378893,0.014057093,0.0,0.103284445,0.164841975,0.002378893,0.014057093,0.650519031,0.061202422,0.0,0.101643599,0.170198962,0.86,,0.8,0.79,0.93,0.86,1.0,0.8,0.61,0.95,0.86,1.0,0.85,0.78,0.88,0.84,,0.8,0.65,0.9,0.85,1.0,0.84,0.62,0.9,0.08,,0.11,0.16,0.04,0.09,0.0,0.12,0.35,0.04,0.09,0.0,0.08,0.19,0.09,0.09,,0.1,0.35,0.07,0.1,0.0,0.1,0.36,0.07,0.23800000000000002,0.578,0.185,0.195,4.2,62.3,28.4,0.2,2.4,0.0,0.3,2.2,337.0,0.059362339,151.0,0.064779065,7866.0,0.011720112,0.177121771,0.189802632,37.4132,-79.1436,0.6738286,0.686471549
72,5102370,56,51-113,MADISON CO PBLC SCHS,1659,122.9,4,Rural,13.5,0.07,0.126,1659.0,110.6,165.9,414.8,0.5,11548.0,0.809385863,0.801677651,0.0,0.0,0.129213483,0.043539326,0.0,0.109550562,0.717696629,0.0,0.0,0.0,0.109550562,0.717696629,0.0,0.0,0.1325,0.04,0.0,0.10375,0.72375,0.96,,,,0.96,0.94,,,,0.94,0.95,,1.0,,0.95,0.93,,0.91,,0.93,0.95,,0.81,,0.97,0.01,,,,0.02,0.03,,,,0.03,0.0,,0.0,,0.0,0.03,,0.09,,0.03,0.03,,0.19,,0.01,0.155,0.5820000000000001,0.263,0.066,2.9,84.6,8.3,0.0,0.8,0.0,0.1,3.3,21.0,0.003699137,16.0,0.006864007,620.0,0.000923782,0.338902148,0.275119617,38.3705,-78.2635,0.19061413600000002,0.198322348
73,5102390,144,51-685,MANASSAS PARK CITY PBLC SCHS,3640,260.1,4,Suburb,14.0,0.128,0.021,3640.0,227.5,182.0,520.0,0.5,10193.5,0.145564405,0.130857143,0.0,0.028317152,0.052993528,0.802588997,0.0,0.040857605,0.075242718,0.0,0.029033793,0.0,0.040857605,0.075242718,0.0,0.029033793,0.050928129,0.811994288,0.0,0.044264636,0.063779153,0.86,1.0,0.86,0.81,0.92,0.91,1.0,0.96,0.88,0.92,0.89,0.95,0.94,0.84,0.98,0.89,0.95,1.0,0.84,0.94,0.85,1.0,0.97,0.8,0.94,0.11,0.0,0.05,0.16,0.07,0.07,0.0,0.0,0.11,0.05,0.1,0.05,0.03,0.15,0.0,0.09,0.0,0.0,0.15,0.04,0.13,0.0,0.0,0.19,0.06,0.113,0.526,0.361,0.064,39.7,33.1,12.8,0.0,11.1,0.0,1.4,1.9,69.0,0.012154307,12.0,0.005148005,1219.0,0.001816275,0.379807692,0.437299035,38.766726,-77.442257,0.854435595,0.869142858
74,5102360,143,51-683,MANASSAS CITY PBLC SCHS,7789,515.6,11,Suburb,15.1,0.055,0.054,1112.7,239.7,165.7,268.6,0.455,12782.11111,0.139555784,0.132640989,1.97065e-06,0.018168948,0.091080698,0.798253893,0.0,0.038933459,0.050023596,0.00308642,0.025813692,0.0,0.038933459,0.050023596,0.00308642,0.025813692,0.09006734,0.782267116,0.0,0.038720539,0.060044893,0.8,0.92,0.81,0.71,0.93,0.79,0.96,0.74,0.71,0.91,0.78,0.96,0.83,0.72,0.91,0.78,0.97,0.85,0.7,0.92,0.77,1.0,0.82,0.73,0.89,0.09,0.08,0.03,0.15,0.01,0.12,0.0,0.12,0.19,0.03,0.14,0.04,0.09,0.2,0.03,0.16,0.03,0.1,0.22,0.03,0.18,0.0,0.11,0.23,0.04,0.141,0.506,0.354,0.08,36.6,40.8,13.2,0.4,5.1,0.1,0.3,3.4,173.0,0.030473842,47.0,0.02016302,4309.0,0.006420285,0.182843472,0.208888889,38.76571,-77.457701,0.860444217,0.867359011
75,5102400,116,51-690,MARTINSVILLE CITY PBLC SCHS,1930,139.1,5,Town,13.9,0.035,0.046,1930.0,57.6,158.2,306.3,0.6,12339.5,0.205181347,0.195640617,0.0,0.012048193,0.63935743,0.125301205,0.0,0.071485944,0.151807229,0.0,0.0,0.0,0.071485944,0.151807229,0.0,0.0,0.634529148,0.139013453,0.0,0.068759342,0.157698057,0.86,,0.84,1.0,0.86,0.87,,0.82,1.0,0.94,0.87,,0.88,1.0,0.85,0.9,,0.88,0.87,0.95,0.95,,0.96,0.94,0.88,0.06,,0.07,0.0,0.08,0.07,,0.09,0.0,0.03,0.05,,0.04,0.0,0.08,0.07,,0.08,0.13,0.05,0.03,,0.01,0.06,0.08,0.307,0.542,0.153,0.239,5.7,44.0,44.5,0.4,1.0,0.1,0.5,3.9,163.0,0.028712348,76.0,0.032604033,1608.0,0.002395873,0.183673469,0.24,36.6752,-79.8521,0.794818653,0.804359383
76,5102430,57,51-115,MATHEWS CO PBLC SCHS,1008,93.4,3,Rural,10.8,0.056,0.019,1008.0,129.2,157.5,234.4,0.333,12239.66667,0.821428571,0.81223176,0.0,0.0,0.131147541,0.055327869,0.0,0.100409836,0.713114754,0.0,0.0,0.0,0.100409836,0.713114754,0.0,0.0,0.134490239,0.04989154,0.0,0.093275488,0.722342733,0.96,,1.0,,0.97,0.92,,,,0.91,0.94,,,,0.95,0.9,,,,0.91,0.95,,1.0,,0.95,0.01,,0.0,,0.01,0.05,,,,0.05,0.04,,,,0.04,0.06,,,,0.05,0.03,,0.0,,0.03,0.175,0.5,0.325,0.114,2.5,85.7,8.8,0.0,0.6,0.0,0.0,2.3,22.0,0.003875286,12.0,0.005148005,599.0,0.000892493,0.234256927,0.178082192,37.435853,-76.328083,0.178571429,0.18776823999999998
77,5102460,58,51-117,MECKLENBURG CO PBLC SCHS,4199,339.6,9,Rural,12.4,0.037,0.066,1399.7,276.2,161.5,1615.0,0.444,12149.625,0.470630202,0.473491327,0.0,0.004944376,0.559126494,0.055212196,0.0,0.06592501,0.314791924,0.0,0.0,0.0,0.06592501,0.314791924,0.0,0.0,0.547068538,0.054500413,0.0,0.063170933,0.335260116,0.91,,0.85,,0.95,0.93,,0.91,1.0,0.95,0.89,,0.88,1.0,0.89,0.9,,0.9,0.9,0.9,0.92,,0.93,0.92,0.89,0.04,,0.06,,0.03,0.04,,0.06,0.0,0.02,0.05,,0.06,0.0,0.04,0.06,,0.05,0.1,0.07,0.05,,0.02,0.08,0.08,0.242,0.596,0.163,0.19,3.0,60.0,35.4,0.6,0.1,0.0,0.1,0.9,93.0,0.016381892,67.0,0.028743029,2318.0,0.003453753,0.299382716,0.337209302,36.664666,-78.412128,0.529369799,0.526508674
78,5102490,59,51-119,MIDDLESEX CO PBLC SCHS,1208,95.1,3,Rural,12.7,0.018,0.064,6040.0,127.2,151.0,236.9,0.333,15358.5,0.701986755,0.701543739,0.0,0.0,0.236933798,0.057491289,0.0,0.102787456,0.602787456,0.0,0.0,0.0,0.102787456,0.602787456,0.0,0.0,0.238955823,0.064257028,0.0,0.104417671,0.592369478,0.9,,0.82,,0.94,0.85,,0.82,,0.84,0.93,,1.0,,0.91,0.97,,1.0,,0.98,0.92,,0.93,,0.93,0.06,,0.12,,0.03,0.06,,0.05,,0.07,0.02,,0.0,,0.03,0.03,,0.0,,0.03,0.06,,0.07,,0.06,0.198,0.524,0.27899999999999997,0.1,1.2,77.5,13.9,0.5,0.1,0.3,2.6,3.9,25.0,0.004403734,20.0,0.008580009,573.0,0.000853753,0.254545455,0.27184466,37.603628,-76.561787,0.29801324500000004,0.298456261
79,5102520,60,51-121,MONTGOMERY CO PBLC SCHS,10016,758.4,21,City,13.2,0.041,0.004,2003.2,33.8,154.1,541.4,0.333,10994.36842,0.80122748,0.797343219,0.0,0.022704339,0.079717457,0.097880928,0.0,0.061553986,0.73814329,0.0,0.020966505,0.0,0.061553986,0.73814329,0.0,0.020966505,0.074149834,0.099463053,0.0,0.063922271,0.741498338,0.94,1.0,0.89,0.94,0.95,0.93,1.0,0.88,0.76,0.94,0.95,1.0,0.91,0.91,0.96,0.96,1.0,0.94,0.96,0.96,0.94,1.0,0.87,0.81,0.96,0.04,0.0,0.07,0.06,0.04,0.05,0.0,0.04,0.24,0.05,0.03,0.0,0.03,0.09,0.03,0.03,0.0,0.06,0.04,0.03,0.03,0.0,0.1,0.17,0.01,0.14400000000000002,0.532,0.32299999999999995,0.235,3.2,83.3,4.4,0.4,6.6,0.0,0.6,1.5,187.0,0.032939933,96.0,0.041184041,9394.0,0.013996788,0.180911297,0.208002192,37.130865,-80.392412,0.19877251899999998,0.20265678
80,5102580,62,51-125,NELSON CO PBLC SCHS,1695,135.2,4,Rural,12.5,0.025,0.006,1695.0,99.7,141.2,413.4,0.5,13782.5,0.718584071,0.708646617,0.0,0.0,0.197662062,0.126461212,0.0,0.061636557,0.61424017,0.0,0.0,0.0,0.061636557,0.61424017,0.0,0.0,0.186936937,0.130630631,0.0,0.061936937,0.620495496,0.92,,0.92,1.0,0.92,0.88,,0.91,0.7,0.9,0.92,,1.0,,0.92,0.9,,0.96,,0.88,0.88,,0.9,0.8,0.9,0.05,,0.08,0.0,0.05,0.07,,0.0,0.3,0.07,0.04,,0.0,,0.05,0.04,,0.04,,0.04,0.04,,0.05,0.1,0.02,0.16399999999999998,0.541,0.295,0.13,4.2,81.1,12.8,0.0,0.2,0.0,0.6,1.1,40.0,0.007045975,13.0,0.005577006,899.0,0.001339484,0.291390728,0.354761905,37.75995,-78.869211,0.281415929,0.291353383
81,5102610,63,51-127,NEW KENT CO PBLC SCHS,3354,214.4,4,Rural,15.6,0.045,0.004,1677.0,33.9,167.7,335.4,0.5,9509.0,0.771019678,0.772039474,0.00031694,0.0,0.185733513,0.094212651,0.0,0.079407806,0.623149394,0.016348774,0.0,0.0,0.079407806,0.623149394,0.016348774,0.0,0.173024523,0.09400545,0.0,0.088555858,0.628065395,0.93,,0.92,,0.92,0.89,,1.0,0.9,0.88,0.94,,0.94,0.9,0.94,0.91,,0.91,1.0,0.9,0.93,,0.97,,0.93,0.05,,0.08,,0.04,0.02,,0.0,0.0,0.02,0.04,,0.0,0.1,0.03,0.04,,0.0,0.0,0.04,0.02,,0.0,,0.02,0.107,0.49700000000000005,0.396,0.069,3.3,78.9,12.0,0.8,1.1,0.0,0.0,3.8,37.0,0.006517527,18.0,0.007722008,1503.0,0.002239426,0.282367448,0.280637255,37.5172,-76.98,0.228980323,0.22796052500000002
82,5102640,117,51-700,NEWPORT NEWS CITY PBLC SCHS,28650,1791.1,45,City,16.0,0.119,0.063,1790.6,276.8,183.4,286.2,0.4,11056.31579,0.219682429,0.208901836,1.93e-07,0.01432365,0.679166331,0.116842359,0.002172689,0.063410316,0.121107266,0.002610634,0.015791149,0.002172689,0.063410316,0.121107266,0.002610634,0.015791149,0.648646928,0.143266476,0.00286533,0.064310729,0.122508755,0.92,1.0,0.92,0.92,0.91,0.94,0.98,0.93,0.93,0.95,0.93,0.98,0.92,0.93,0.94,0.95,0.98,0.95,0.91,0.96,0.94,0.98,0.94,0.89,0.96,0.02,0.0,0.03,0.04,0.01,0.02,0.0,0.03,0.03,0.01,0.02,0.0,0.02,0.05,0.01,0.02,0.0,0.02,0.06,0.01,0.02,0.0,0.02,0.07,0.0,0.19399999999999998,0.588,0.22,0.153,9.0,42.9,40.0,0.2,3.2,0.2,0.5,4.1,456.0,0.080324115,228.0,0.097812098,14036.0,0.020913233,0.363411109,0.370196604,37.07319,-76.494001,0.7803175710000001,0.791098165
83,5102670,118,51-710,NORFOLK CITY PBLC SCHS,29837,2157.5,51,City,13.8,0.084,0.042,1297.3,121.1,174.5,426.9,0.647,10441.51163,0.213493314,0.206939725,8.75e-08,0.014660739,0.694294485,0.102042977,0.002434635,0.056896369,0.126548111,0.003317186,0.013532013,0.002434635,0.056896369,0.126548111,0.003317186,0.013532013,0.6959246,0.110783488,0.002211457,0.056655434,0.117575821,0.85,0.98,0.81,0.86,0.92,0.81,1.0,0.78,0.8,0.89,0.82,0.95,0.78,0.83,0.89,0.83,0.97,0.8,0.79,0.9,0.87,0.99,0.86,0.76,0.93,0.06,0.02,0.08,0.05,0.03,0.09,0.0,0.11,0.13,0.05,0.1,0.03,0.13,0.1,0.05,0.11,0.03,0.13,0.14,0.05,0.08,0.0,0.08,0.22,0.04,0.253,0.544,0.204,0.187,8.0,43.4,40.5,0.3,3.5,0.0,0.3,3.9,1003.0,0.176677823,259.0,0.111111111,17770.0,0.026476785,0.279315116,0.305582198,36.8468,-76.285,0.786506686,0.793060275
84,5102710,65,51-131,NORTHAMPTON CO PBLC SCHS,1520,126.8,5,Rural,12.0,0.0,0.058,760.0,138.2,190.0,152.0,0.4,11580.5,0.299342105,0.307801418,0.0,0.00805153,0.489533011,0.2568438,0.0,0.030595813,0.214975845,0.0,0.0,0.0,0.030595813,0.214975845,0.0,0.0,0.473731884,0.263586957,0.0,0.035326087,0.227355073,0.87,,0.85,0.92,0.89,0.81,,0.82,0.88,0.76,0.91,,0.86,0.95,0.97,0.9,,0.87,0.89,0.97,0.9,,0.87,0.84,1.0,0.08,,0.11,0.08,0.04,0.13,,0.11,0.12,0.17,0.04,,0.05,0.05,0.03,0.08,,0.08,0.11,0.03,0.07,,0.08,0.12,0.0,0.275,0.535,0.19,0.18,8.8,54.2,33.1,0.0,1.0,0.0,0.0,2.8,80.0,0.01409195,36.0,0.015444015,808.0,0.001203897,0.272237197,0.3125,37.403791,-75.910427,0.7006578939999999,0.6921985820000001
85,5102730,66,51-133,NORTHUMBERLAND CO PBLC SCHS,1279,101.9,3,Rural,12.6,0.017,0.017,1279.0,120.7,127.9,581.4,0.333,12959.0,0.470680219,0.483713355,0.0,0.0,0.553287982,0.056689342,0.0,0.06122449,0.328798186,0.0,0.0,0.0,0.06122449,0.328798186,0.0,0.0,0.515151515,0.087878788,0.0,0.060606061,0.336363636,0.94,,0.92,,0.95,0.96,,1.0,,0.94,0.95,,1.0,,0.92,0.96,,1.0,,0.94,0.97,,0.96,,0.98,0.04,,0.08,,0.02,0.04,,0.0,,0.05,0.04,,0.0,,0.08,0.02,,0.0,,0.03,0.03,,0.04,,0.02,0.14,0.578,0.282,0.146,0.9,69.7,27.3,0.2,0.1,0.0,0.0,1.8,32.0,0.00563678,20.0,0.008580009,747.0,0.001113008,0.252293578,0.257142857,37.96394,-76.523781,0.529319782,0.516286646
86,5102760,119,51-720,NORTON CITY PBLC SCHS,818,53.8,2,Town,15.2,0.098,0.115,2726.7,282.1,204.5,371.8,0.5,8744.0,0.849633252,0.858304297,0.0,0.0,0.065957447,0.031914894,0.0,0.1,0.80212766,0.0,0.0,0.0,0.1,0.80212766,0.0,0.0,0.064239829,0.023554604,0.0,0.104925054,0.807280514,0.98,,,,0.98,0.96,,,,0.98,0.95,,,,0.96,0.91,,,,0.89,0.86,,,,0.86,0.0,,,,0.0,0.02,,,,0.0,0.05,,,,0.04,0.05,,,,0.06,0.0,,,,0.0,0.285,0.581,0.134,0.282,1.2,88.6,3.1,0.0,4.6,0.0,0.0,2.5,19.0,0.003346838,7.0,0.003003003,289.0,0.000430602,0.257425743,0.290322581,36.933,-82.6338,0.15036674900000002,0.141695702
87,5102790,67,51-135,NOTTOWAY CO PBLC SCHS,1990,148.2,5,Rural,13.4,0.084,0.101,inf,52.5,165.8,1809.1,0.8,10145.0,0.419095477,0.404153355,0.0,0.0,0.53816047,0.121330724,0.0,0.067514677,0.272994129,0.010544815,0.0,0.0,0.067514677,0.272994129,0.010544815,0.0,0.505272408,0.121265378,0.0,0.073813708,0.289103691,0.88,,0.86,,0.91,0.87,,0.91,,0.86,0.91,,0.87,0.91,0.95,0.86,,0.81,0.92,0.86,0.9,,0.91,,0.94,0.09,,0.09,,0.06,0.09,,0.06,,0.1,0.08,,0.1,0.09,0.05,0.14,,0.19,0.08,0.12,0.09,,0.06,,0.06,0.239,0.568,0.192,0.183,4.4,54.3,40.1,0.1,0.3,0.2,0.0,0.6,100.0,0.017614937,48.0,0.020592021,1920.0,0.002860744,0.290178571,0.269473684,37.154036,-78.099093,0.580904524,0.595846645
88,5102820,68,51-137,ORANGE CO PBLC SCHS,5089,362.2,11,Town,14.1,0.012,0.079,1696.3,181.8,159.0,1454.0,0.364,10469.77778,0.660644148,0.648665172,0.0,0.007887818,0.195004382,0.12751972,0.004382121,0.123137599,0.542068361,0.0,0.006858711,0.004382121,0.123137599,0.542068361,0.0,0.006858711,0.191586648,0.13214449,0.0,0.120713306,0.548696845,0.94,,0.95,1.0,0.94,0.94,,0.91,1.0,0.95,0.93,,0.94,0.95,0.93,0.94,,0.97,0.92,0.94,0.95,,0.96,0.91,0.96,0.03,,0.0,0.0,0.04,0.03,,0.05,0.0,0.02,0.04,,0.03,0.05,0.04,0.04,,0.02,0.08,0.04,0.02,,0.0,0.07,0.01,0.131,0.574,0.295,0.08199999999999999,5.0,78.1,12.7,0.3,0.9,0.0,0.3,2.8,89.0,0.015677294,39.0,0.016731017,2215.0,0.003300286,0.331925676,0.269047619,38.239135,-78.120125,0.339355852,0.35133482899999996
89,5102850,69,51-139,PAGE CO PBLC SCHS,3352,233.1,9,Rural,14.4,0.068,0.04,1117.3,101.0,167.6,360.4,0.444,9715.25,0.905187835,0.912542795,0.0,0.0,0.034587379,0.049757282,0.0,0.032160194,0.883495146,0.0,0.0,0.0,0.032160194,0.883495146,0.0,0.0,0.0261959,0.046127563,0.0,0.031890661,0.895785877,0.97,,,,0.98,0.97,,,,0.96,1.0,,,,1.0,0.97,,,0.9,0.97,0.99,,,0.93,0.99,0.0,,,,0.0,0.02,,,,0.02,0.0,,,,0.0,0.01,,,0.0,0.01,0.0,,,0.07,0.0,0.243,0.588,0.17,0.151,2.0,94.1,1.4,0.1,0.4,0.0,0.2,1.8,114.0,0.020081029,57.0,0.024453024,2055.0,0.00306189,0.372163389,0.40029985,38.6632,-78.475521,0.094812164,0.08745720600000001
90,5102880,70,51-141,PATRICK CO PBLC SCHS,2558,181.0,7,Rural,14.1,0.037,0.06,2558.0,196.8,213.2,511.6,0.857,10080.71429,0.78264269,0.788239968,0.0,0.0,0.099722992,0.084949215,0.0,0.065558633,0.74976916,0.0,0.0,0.0,0.065558633,0.74976916,0.0,0.0,0.065068493,0.086472603,0.0,0.054794521,0.793664384,0.91,,0.77,,0.92,0.92,,,0.74,0.94,0.93,,,0.94,0.93,0.96,,,1.0,0.96,0.93,,1.0,0.8,0.94,0.05,,0.08,,0.05,0.05,,,0.21,0.04,0.05,,,0.06,0.05,0.03,,,0.0,0.03,0.02,,0.0,0.07,0.02,0.217,0.621,0.163,0.142,3.1,89.7,5.9,0.1,0.4,0.0,0.3,0.5,107.0,0.018847983,43.0,0.018447018,1362.0,0.002029341,0.261450382,0.354,36.64266,-80.271071,0.21735731,0.21176003200000001
91,5102910,120,51-730,PETERSBURG CITY PBLC SCHS,4209,308.2,7,Suburb,13.7,0.11,0.104,4209.0,103.9,210.4,601.3,0.714,11425.0,0.026359535,0.026205192,0.0,0.003432137,0.914820593,0.054914197,0.0,0.007176287,0.019656786,0.0,0.0,0.0,0.007176287,0.019656786,0.0,0.0,0.907898659,0.056929955,0.0,0.009538003,0.025633383,0.84,,0.84,,,0.8,,0.79,,0.9,0.83,,0.85,0.61,,0.84,,0.85,,,0.87,,0.89,0.6,0.64,0.07,,0.08,,,0.04,,0.04,,0.0,0.06,,0.05,0.22,,0.09,,0.08,,,0.07,,0.06,0.2,0.09,0.293,0.562,0.145,0.24100000000000002,4.9,15.1,76.3,0.2,0.9,0.1,0.4,2.2,163.0,0.028712348,86.0,0.036894037,3887.0,0.005791517,0.27442371,0.246022032,37.206,-77.3817,0.973640465,0.973794808
92,5102940,71,51-143,PITTSYLVANIA CO PBLC SCHS,8723,633.2,20,Rural,13.8,0.033,0.017,2180.8,234.5,140.7,541.8,0.6,10162.05556,0.684168291,0.68014124,0.0,0.003530286,0.299145299,0.071348941,0.0,0.032144184,0.59383129,0.0,0.003457217,0.0,0.032144184,0.59383129,0.0,0.003457217,0.296888505,0.070656871,0.0,0.032411409,0.596585998,0.93,,0.93,0.79,0.94,0.92,,0.92,0.95,0.92,0.91,,0.92,0.83,0.91,0.91,,0.9,0.93,0.91,0.89,,0.92,0.86,0.89,0.06,,0.05,0.21,0.06,0.07,,0.06,0.0,0.08,0.06,,0.05,0.08,0.06,0.08,,0.08,0.07,0.07,0.1,,0.08,0.14,0.11,0.198,0.617,0.184,0.161,2.6,74.1,20.0,0.1,0.4,0.0,0.0,2.8,251.0,0.044213493,82.0,0.035178035,5555.0,0.008276789,0.327352085,0.36227224,36.826552,-79.396332,0.315831709,0.31985876
93,5102980,142,51-735,POQUOSON CITY PBLC SCHS,2114,144.9,4,Suburb,14.6,0.04,0.017,1057.0,63.9,151.0,302.0,0.25,10144.25,0.905942911,0.88708134,0.0,0.0,0.0,0.050704225,0.0,0.050704225,0.898591549,0.0,0.0,0.0,0.050704225,0.898591549,0.0,0.0,0.032258065,0.034946237,0.0,0.048387097,0.884408602,0.92,,,,0.93,0.95,0.91,,,0.95,0.96,,,,0.97,0.92,,,1.0,0.93,0.95,,,,0.96,0.03,,,,0.03,0.02,0.09,,,0.02,0.01,,,,0.01,0.03,,,0.0,0.03,0.01,,,,0.01,0.11599999999999999,0.433,0.452,0.055999999999999994,2.8,91.4,1.1,0.1,2.5,0.0,0.0,2.1,22.0,0.003875286,16.0,0.006864007,876.0,0.001305215,0.270318021,0.309734513,37.12317,-76.396981,0.09405708799999998,0.11291866
94,5103000,121,51-740,PORTSMOUTH CITY PBLC SCHS,13991,940.1,24,City,14.9,0.068,0.048,1399.1,124.0,199.9,329.2,0.5,10981.84211,0.182831821,0.174692049,4.85e-07,0.006087056,0.802687493,0.02882738,0.002871253,0.034455036,0.121396578,0.003875059,0.004931893,0.002871253,0.034455036,0.121396578,0.003875059,0.004931893,0.806599342,0.032409582,0.003170503,0.036402067,0.112611555,0.89,,0.89,0.96,0.85,0.87,,0.86,1.0,0.85,0.86,,0.87,0.88,0.81,0.85,,0.85,0.91,0.82,0.9,0.82,0.9,0.92,0.89,0.05,,0.05,0.0,0.06,0.07,,0.08,0.0,0.07,0.08,,0.08,0.04,0.08,0.09,,0.09,0.09,0.13,0.06,0.18,0.06,0.03,0.05,0.22399999999999998,0.58,0.19699999999999998,0.168,4.5,37.7,52.2,0.4,1.4,0.3,0.3,3.3,676.0,0.119076977,197.0,0.084513085,9084.0,0.013534897,0.322014925,0.385547201,36.8328,-76.2977,0.817168181,0.825307952
95,5103030,72,51-145,POWHATAN CO PBLC SCHS,4346,318.1,6,Rural,13.7,0.085,0.0,1448.7,141.6,182.6,543.2,0.5,10891.8,0.858126722,0.852564103,0.0,0.0,0.120123203,0.071868583,0.0,0.083162218,0.724845996,0.0,0.0,0.0,0.083162218,0.724845996,0.0,0.0,0.106941839,0.075046904,0.0,0.075984991,0.742026266,0.95,,1.0,,0.95,0.94,,0.92,0.8,0.95,0.94,,0.95,0.92,0.94,0.93,,0.84,1.0,0.94,0.95,,1.0,,0.95,0.03,,0.0,,0.03,0.03,,0.04,0.1,0.02,0.01,,0.05,0.08,0.01,0.03,,0.11,0.0,0.02,0.02,,0.0,,0.02,0.091,0.46299999999999997,0.447,0.054000000000000006,2.2,85.7,10.0,0.1,0.3,0.2,0.0,1.5,57.0,0.010040514,17.0,0.007293007,1919.0,0.002859254,0.301953819,0.335583414,37.54598,-77.919571,0.141873279,0.147435897
96,5103060,73,51-147,PRINCE EDWARD CO PBLC SCHS,2055,162.7,4,Town,12.6,0.147,0.059,inf,336.9,186.8,685.0,0.5,10222.33333,0.362664074,0.347357619,0.0,0.013901761,0.637627433,0.037071362,0.0,0.032437442,0.278962002,0.0,0.0,0.0,0.032437442,0.278962002,0.0,0.0,0.695597484,0.026415094,0.0,0.023899371,0.25408805,0.9,,0.87,,0.95,0.93,,0.92,,0.96,0.89,,0.91,,0.88,0.86,,0.89,,0.82,0.86,,0.88,,0.83,0.07,,0.09,,0.03,0.04,,0.05,,0.02,0.06,,0.06,,0.06,0.08,,0.05,,0.11,0.1,,0.07,,0.12,0.261,0.579,0.161,0.18600000000000003,4.2,61.4,30.8,0.3,0.8,0.0,0.0,2.4,105.0,0.018495684,34.0,0.014586015,2171.0,0.003234727,0.18358209,0.217585693,37.264691,-78.402081,0.637335926,0.6526423800000001
97,5103090,74,51-149,PRINCE GEORGE CO PBLC SCHS,6353,424.2,7,Rural,15.0,0.069,0.036,2117.7,635.3,207.6,226.9,0.714,9935.142857,0.468282701,0.458599771,0.0,0.009115463,0.383524646,0.185347738,0.009453072,0.068197164,0.344361918,0.0,0.008555446,0.009453072,0.068197164,0.344361918,0.0,0.008555446,0.402105956,0.163540638,0.006910168,0.07272129,0.346166502,0.88,,0.87,0.9,0.89,0.92,,0.92,0.97,0.9,0.91,,0.88,0.95,0.92,0.92,,0.92,0.92,0.92,0.93,,0.92,0.91,0.93,0.05,,0.07,0.03,0.05,0.04,,0.04,0.03,0.04,0.04,,0.05,0.03,0.04,0.04,,0.05,0.06,0.03,0.05,,0.06,0.08,0.03,0.16,0.583,0.257,0.081,8.1,54.9,31.0,0.6,1.4,0.4,0.2,3.3,57.0,0.010040514,29.0,0.012441012,3552.0,0.005292377,0.400544959,0.387317073,37.224,-77.2869,0.531717299,0.541400229
98,5103130,75,51-153,PRINCE WILLIAM CO PBLC SCHS,92237,5696.9,95,Suburb,16.2,0.056,0.026,1787.5,159.9,166.8,446.0,0.326,11049.96591,0.292045085,0.28006073,1.4e-08,0.086840122,0.224833,0.554648715,0.001013698,0.034647675,0.095937411,0.001742405,0.097658994,0.001013698,0.034647675,0.095937411,0.001742405,0.097658994,0.226540764,0.535508529,0.000927409,0.036506197,0.101115701,0.92,0.97,0.92,0.86,0.95,0.92,0.98,0.93,0.84,0.96,0.92,0.99,0.94,0.85,0.96,0.92,0.97,0.95,0.84,0.97,0.93,0.98,0.96,0.86,0.97,0.06,0.02,0.05,0.12,0.02,0.06,0.01,0.05,0.14,0.02,0.06,0.01,0.03,0.13,0.02,0.06,0.02,0.03,0.13,0.02,0.05,0.02,0.03,0.12,0.01,0.113,0.40700000000000003,0.48,0.066,23.5,42.9,20.3,0.3,8.3,0.1,0.3,4.3,1629.0,0.286947331,498.0,0.213642214,45250.0,0.067421188,0.339092664,0.316131445,38.6357,-77.4374,0.707954915,0.7199392710000001
99,5103150,77,51-155,PULASKI CO PBLC SCHS,4096,269.4,9,Rural,15.2,0.162,0.045,2048.0,178.9,204.8,259.2,0.444,10868.28571,0.833251953,0.826184539,0.0,0.007825601,0.081050866,0.046394634,0.0,0.099496926,0.765231973,0.0,0.007411631,0.0,0.099496926,0.765231973,0.0,0.007411631,0.080387685,0.041619156,0.0,0.108323831,0.762257697,0.93,,0.93,,0.93,0.94,,1.0,,0.93,0.95,,0.89,,0.95,0.92,,1.0,0.8,0.91,0.94,,0.9,,0.95,0.04,,0.0,,0.03,0.03,,0.0,,0.03,0.03,,0.07,,0.03,0.04,,0.0,0.1,0.04,0.04,,0.05,,0.03,0.179,0.616,0.20600000000000002,0.14800000000000002,1.8,90.8,4.3,0.0,0.7,0.1,0.1,2.1,126.0,0.022194821,61.0,0.026169026,2660.0,0.003963323,0.230839416,0.256238004,37.0479,-80.7799,0.166748047,0.173815461
100,5103180,122,51-750,RADFORD CITY PBLC SCHS,1642,117.1,4,Suburb,14.0,0.045,0.013,1094.7,82.1,164.2,547.3,0.5,10239.0,0.746650426,0.68015873,0.0,0.0,0.185276074,0.078527607,0.0,0.111656442,0.624539877,0.0,0.018691589,0.0,0.111656442,0.624539877,0.0,0.018691589,0.210799585,0.082035306,0.0,0.111111111,0.577362409,0.96,,0.92,,0.97,0.95,,,,0.95,0.97,,,,0.96,0.96,,1.0,,0.95,0.97,,1.0,,0.98,0.03,,0.08,,0.03,0.04,,,,0.04,0.03,,,,0.04,0.02,,0.0,,0.03,0.02,,0.0,,0.01,0.187,0.625,0.187,0.363,2.9,83.3,9.8,0.0,1.6,0.0,0.1,2.3,38.0,0.006693676,18.0,0.007722008,2153.0,0.003207908,0.173184358,0.165963432,37.11881,-80.565671,0.25334957299999994,0.31984127100000004
101,5103210,78,51-157,RAPPAHANNOCK CO PBLC SCHS,791,64.2,2,Rural,12.3,0.052,0.013,791.0,164.8,158.2,219.7,0.5,15226.5,0.839443742,0.834203655,0.0,0.0,0.035087719,0.133333333,0.0,0.12631579,0.705263158,0.0,0.0,0.0,0.12631579,0.705263158,0.0,0.0,0.0,0.114391144,0.0,0.125461255,0.760147602,0.89,,,,0.89,0.96,,,,0.95,0.95,,,,0.94,0.95,,,,0.95,0.96,,,,1.0,0.02,,,,0.0,0.03,,,,0.03,0.01,,,,0.01,0.01,,,,0.01,0.02,,,,0.0,0.141,0.489,0.371,0.08800000000000001,3.9,88.4,4.5,1.2,0.5,0.0,0.2,1.2,18.0,0.003170689,2.0,0.000858001,360.0,0.00053639,0.217391304,0.207017544,38.690329,-78.177741,0.160556259,0.165796345
102,5103270,79,51-159,RICHMOND CO PBLC SCHS,1301,89.3,3,Rural,14.6,0.047,0.038,1301.0,147.8,216.8,394.2,0.333,10340.5,0.584166026,0.586523737,0.0,0.0,0.438864629,0.192139738,0.0,0.052401747,0.316593887,0.0,0.0,0.0,0.052401747,0.316593887,0.0,0.0,0.367417678,0.181975737,0.0,0.062391681,0.388214905,0.94,,0.91,0.9,0.96,0.95,,0.88,,0.97,0.95,,0.96,,0.96,0.97,,0.96,,0.97,1.0,,1.0,,1.0,0.04,,0.09,0.1,0.02,0.06,,0.12,,0.03,0.02,,0.0,,0.04,0.01,,0.04,,0.0,0.0,,0.0,,0.0,0.191,0.635,0.174,0.17300000000000001,7.1,60.6,26.5,0.2,0.3,0.0,0.0,5.2,51.0,0.008983618,15.0,0.006435006,1519.0,0.002263266,0.236842105,0.240437158,37.948039,-76.748041,0.415833975,0.413476263
103,5103240,123,51-760,RICHMOND CITY PBLC SCHS,25211,1483.8,54,City,17.0,0.164,0.059,1260.5,192.5,206.6,315.1,0.63,16323.58537,0.142035539,0.209664848,9.01e-08,0.007142857,0.796392496,0.152092352,0.0,0.012698413,0.02994228,0.001161202,0.008948087,0.0,0.012698413,0.02994228,0.001161202,0.008948087,0.753210383,0.129576503,0.0,0.023770492,0.083333333,0.81,0.77,0.81,0.58,0.92,0.77,0.62,0.8,0.41,0.9,0.75,,0.8,0.38,0.86,0.71,1.0,0.77,0.4,0.79,0.72,,0.81,0.33,0.86,0.1,0.23,0.08,0.34,0.05,0.18,0.23,0.14,0.57,0.06,0.2,,0.15,0.6,0.11,0.24,0.0,0.17,0.57,0.15,0.23,,0.12,0.65,0.12,0.188,0.531,0.282,0.23199999999999998,6.9,40.8,46.6,0.1,2.1,0.0,0.3,3.2,803.0,0.141447948,266.0,0.114114114,17033.0,0.025378676,0.204231666,0.254001929,37.5413,-77.4333,0.857964462,0.7903351517
104,5103330,80,51-161,ROANOKE CO PBLC SCHS,13999,1020.6,28,Suburb,13.7,0.036,0.001,1749.9,444.4,194.4,538.4,0.214,10370.61538,0.76648332,0.753359626,0.0,0.046349365,0.127585348,0.118614503,0.0,0.072514328,0.634936457,0.0,0.043033325,0.0,0.072514328,0.634936457,0.0,0.043033325,0.12962477,0.114668066,0.0,0.07662031,0.636053529,0.94,0.97,0.92,0.91,0.94,0.94,0.98,0.89,0.97,0.94,0.95,1.0,0.92,0.94,0.95,0.95,0.96,0.9,0.91,0.95,0.95,1.0,0.89,0.84,0.96,0.04,0.03,0.02,0.07,0.04,0.04,0.02,0.09,0.03,0.04,0.03,0.0,0.06,0.04,0.03,0.04,0.02,0.05,0.06,0.04,0.03,0.0,0.07,0.16,0.02,0.11699999999999999,0.5670000000000001,0.315,0.069,3.1,85.8,5.9,0.2,3.1,0.0,0.1,1.8,178.0,0.031354589,145.0,0.062205062,8268.0,0.01231908,0.253646308,0.255339806,37.3214,-80.0222,0.233516679,0.246640373
105,5103300,124,51-770,ROANOKE CITY PBLC SCHS,14039,899.9,26,City,15.6,0.103,0.008,1613.7,138.6,167.3,245.9,0.731,12768.04167,0.336749947,0.322073048,4.12e-07,0.036295369,0.525281602,0.135294118,0.0,0.058573217,0.241927409,0.003116041,0.038264988,0.0,0.058573217,0.241927409,0.003116041,0.038264988,0.51427147,0.149445345,0.0,0.057584445,0.237317712,0.87,0.85,0.87,0.91,0.88,0.9,0.9,0.9,0.97,0.88,0.9,0.96,0.86,0.97,0.92,0.9,0.96,0.89,0.87,0.91,0.88,0.94,0.9,0.75,0.9,0.1,0.05,0.11,0.07,0.12,0.1,0.1,0.1,0.03,0.11,0.08,0.04,0.12,0.03,0.06,0.08,0.0,0.09,0.1,0.07,0.11,0.06,0.09,0.24,0.09,0.255,0.561,0.183,0.20800000000000002,6.3,58.5,28.1,0.2,2.9,0.0,0.3,3.7,252.0,0.044389642,192.0,0.082368082,8489.0,0.012648364,0.279928315,0.292809489,37.2834,-79.9401,0.663250054,0.677926953
106,5103370,81,51-163,ROCKBRIDGE CO PBLC SCHS,2819,217.2,6,Town,13.0,0.033,0.011,939.7,71.9,165.8,254.0,0.667,12332.0,0.862007804,0.861674659,0.0,0.0,0.054794521,0.064383562,0.0,0.060958904,0.819863014,0.0,0.0,0.0,0.060958904,0.819863014,0.0,0.0,0.05394525,0.066827697,0.0,0.064412238,0.814814815,0.91,,,0.91,0.91,0.91,,0.9,,0.91,0.91,,0.81,,0.91,0.91,,0.92,0.92,0.9,0.9,,,0.87,0.91,0.08,,,0.09,0.08,0.07,,0.0,,0.08,0.06,,0.13,,0.06,0.06,,0.08,0.08,0.06,0.06,,,0.13,0.05,0.184,0.563,0.253,0.142,1.9,92.2,3.3,0.4,0.7,0.0,0.2,1.4,53.0,0.009335917,46.0,0.01973402,1553.0,0.002313925,0.367673179,0.434137291,37.76206,-79.552341,0.137992197,0.138325341
107,5103390,82,51-165,ROCKINGHAM CO PBLC SCHS,11911,787.0,23,Rural,15.1,0.038,0.013,1985.2,135.4,165.9,145.6,0.478,11325.17391,0.763581489,0.749251365,2.48933e-06,0.011742504,0.028517509,0.299643531,0.0,0.046760327,0.607674565,0.004081633,0.012965186,0.0,0.046760327,0.607674565,0.004081633,0.012965186,0.030732293,0.293877551,0.0,0.059783914,0.598559424,0.94,,1.0,0.9,0.95,0.95,,0.91,0.9,0.96,0.94,1.0,0.9,0.92,0.95,0.94,,0.87,0.89,0.95,0.94,1.0,0.95,0.88,0.96,0.05,,0.0,0.1,0.04,0.04,,0.09,0.08,0.03,0.04,0.0,0.1,0.07,0.04,0.04,,0.09,0.1,0.04,0.03,0.0,0.0,0.11,0.02,0.158,0.608,0.235,0.08800000000000001,6.9,88.7,2.3,0.3,0.7,0.1,0.1,0.9,387.0,0.068169808,107.0,0.045903046,6778.0,0.010099023,0.391792657,0.378551787,38.466,-78.8544,0.23641850999999997,0.250748635
108,5103420,83,51-167,RUSSELL CO PBLC SCHS,3715,267.0,13,Rural,13.9,0.062,0.015,3715.0,275.2,142.9,206.4,0.615,9910.909091,0.973889637,0.972691441,0.0,0.0,0.006501951,0.014737755,0.0,0.005635024,0.973125271,0.0,0.0,0.0,0.005635024,0.973125271,0.0,0.0,0.00808369,0.015216358,0.0,0.005230623,0.97146933,0.93,,,,0.93,0.91,,,,0.91,0.9,,,,0.9,0.92,,,,0.92,0.93,,,,0.94,0.04,,,,0.03,0.03,,,,0.03,0.05,,,,0.05,0.06,,,,0.06,0.04,,,,0.04,0.20800000000000002,0.621,0.171,0.21100000000000002,1.2,96.7,1.0,0.2,0.0,0.0,0.0,0.9,130.0,0.022899419,38.0,0.016302016,2288.0,0.003409054,0.302325581,0.305895439,36.900939,-82.05765,0.026110363,0.027308559000000003
109,5103460,139,51-775,SALEM CITY PBLC SCHS,3926,260.9,6,Suburb,15.0,0.016,0.061,1308.7,306.7,215.7,490.8,0.333,10448.66667,0.726948548,0.713949843,0.0,0.028263795,0.251682369,0.123822342,0.0,0.056527591,0.539703903,0.0,0.026126715,0.0,0.056527591,0.539703903,0.0,0.026126715,0.236446767,0.128674069,0.0,0.053559765,0.555192685,0.95,,0.97,0.9,0.95,0.94,,0.83,0.9,0.96,0.97,,0.92,,0.97,0.95,,0.91,0.85,0.97,0.94,1.0,0.85,0.87,0.96,0.04,,0.03,0.1,0.04,0.04,,0.17,0.1,0.03,0.02,,0.03,,0.02,0.02,,0.06,0.08,0.01,0.04,0.0,0.09,0.13,0.02,0.168,0.574,0.256,0.091,3.3,85.3,6.6,0.1,1.7,0.1,0.3,2.7,72.0,0.012682755,49.0,0.021021021,2174.0,0.003239197,0.234203875,0.255772647,37.2879,-80.0531,0.273051452,0.28605015699999997
110,5103480,84,51-169,SCOTT CO PBLC SCHS,3512,240.2,14,Suburb,14.6,0.022,0.074,3512.0,150.7,175.6,209.0,0.643,10023.76923,0.951309795,0.950254381,0.0,0.0,0.00929692,0.037768739,0.0,0.016850668,0.936083672,0.0,0.0,0.0,0.016850668,0.936083672,0.0,0.0,0.008786848,0.02324263,0.0,0.015589569,0.952380952,0.95,,,,0.95,0.94,,,,0.95,0.95,,,,0.95,0.94,,,,0.94,0.96,,,,0.97,0.05,,,,0.04,0.04,,,,0.04,0.04,,,,0.04,0.04,,,,0.04,0.04,,,,0.03,0.21899999999999997,0.601,0.18100000000000002,0.155,1.4,96.6,0.6,0.4,0.3,0.0,0.0,0.7,128.0,0.02254712,57.0,0.024453024,1849.0,0.002754956,0.398981324,0.466410749,36.641274,-82.575996,0.048690205,0.049745619
111,5103510,85,51-171,SHENANDOAH CO PBLC SCHS,6002,445.8,10,Town,13.5,0.038,0.036,2000.7,107.4,166.7,366.0,0.3,11102.55556,0.769448609,0.758190328,4.38875e-06,0.006349206,0.041975309,0.248324515,0.0,0.052204586,0.647619048,0.0,0.006646726,0.0,0.052204586,0.647619048,0.0,0.006646726,0.046527085,0.244599535,0.0,0.050847458,0.651379196,0.95,,,0.86,0.97,0.96,,1.0,0.95,0.97,0.97,,1.0,0.89,0.98,0.95,,0.94,0.86,0.97,0.98,,0.95,0.97,0.98,0.03,,,0.11,0.01,0.02,,0.0,0.05,0.02,0.02,,0.0,0.07,0.02,0.03,,0.0,0.14,0.01,0.01,,0.05,0.01,0.01,0.19699999999999998,0.584,0.218,0.115,7.2,87.6,1.8,0.1,0.9,0.0,0.1,2.2,218.0,0.038400564,133.0,0.057057057,4347.0,0.006476904,0.353297953,0.375909458,38.8888,-78.4997,0.23055139,0.24180967299999997
112,5103520,86,51-173,SMYTH CO PBLC SCHS,4268,309.5,14,Rural,13.8,0.022,0.072,2134.0,76.1,190.5,201.3,0.5,10084.23077,0.934410869,0.928953771,0.0,0.0,0.02721425,0.036120732,0.0,0.0108857,0.925779317,0.0,0.0,0.0,0.0108857,0.925779317,0.0,0.0,0.02642369,0.044191344,0.0,0.010933941,0.918451025,0.95,,,1.0,0.95,0.95,,1.0,,0.94,0.95,,,,0.95,0.95,,,0.91,0.95,0.97,,,,0.96,0.04,,,0.0,0.04,0.03,,0.0,,0.03,0.03,,,,0.03,0.02,,,0.09,0.02,0.03,,,,0.03,0.253,0.627,0.121,0.18899999999999997,2.0,94.1,2.1,0.4,0.7,0.1,0.0,0.6,204.0,0.035934472,93.0,0.03989704,2969.0,0.004423724,0.258636788,0.306547619,36.83318,-81.512919,0.065589132,0.07104622799999999
113,5103600,87,51-175,SOUTHAMPTON CO PBLC SCHS,2803,180.4,7,Rural,15.5,0.098,0.187,2803.0,101.9,155.7,467.2,0.429,10295.33333,0.550481627,0.543295019,0.0,0.0,0.584150943,0.014339623,0.0,0.041509434,0.36,0.0,0.0,0.0,0.041509434,0.36,0.0,0.0,0.591836735,0.016156463,0.0,0.034863946,0.357142857,0.87,,0.81,,0.91,0.89,,0.88,,0.9,0.87,,0.84,,0.89,0.9,,0.85,,0.94,0.93,,0.92,,0.94,0.07,,0.08,,0.06,0.06,,0.07,,0.07,0.08,,0.13,,0.04,0.07,,0.12,,0.03,0.03,,0.03,,0.03,0.153,0.5529999999999999,0.294,0.09,1.7,61.0,31.9,0.6,0.2,0.0,0.3,4.2,54.0,0.009512066,56.0,0.024024024,1980.0,0.002950143,0.35359116,0.455142232,36.728708,-77.072659,0.449518372,0.45670498200000004
114,5103640,88,51-177,SPOTSYLVANIA CO PBLC SCHS,23882,1417.5,34,Suburb,16.8,0.195,0.056,2076.7,44.8,188.0,274.5,0.265,10988.48276,0.528220577,0.498003126,1.53e-07,0.02571834,0.250088684,0.279443065,0.001596311,0.078840014,0.36236254,0.001912816,0.027383469,0.001596311,0.078840014,0.36236254,0.001912816,0.027383469,0.249471459,0.299909393,0.001912816,0.083459176,0.335950871,0.9,0.93,0.87,0.88,0.91,0.9,0.91,0.89,0.82,0.93,0.91,0.98,0.91,0.82,0.93,0.93,0.97,0.9,0.85,0.96,0.91,0.96,0.91,0.8,0.94,0.06,0.05,0.06,0.1,0.05,0.06,0.06,0.07,0.15,0.04,0.06,0.0,0.06,0.16,0.04,0.04,0.01,0.04,0.14,0.01,0.05,0.0,0.04,0.15,0.03,0.11800000000000001,0.47100000000000003,0.41200000000000003,0.07,9.8,68.1,15.7,0.3,2.3,0.1,0.4,3.4,317.0,0.055839352,120.0,0.051480051,10078.0,0.015015928,0.377796539,0.386234477,38.180684,-77.51768,0.471779423,0.501996876
115,5103660,89,51-179,STAFFORD CO PBLC SCHS,30086,1769.3,34,Suburb,17.0,0.314,0.066,2005.7,218.5,204.9,354.0,0.235,9783.6,0.462383798,0.443816976,4.01e-07,0.048996584,0.288428693,0.32440222,0.003309137,0.086037575,0.24530316,0.002933627,0.050605061,0.003309137,0.086037575,0.24530316,0.002933627,0.050605061,0.279336267,0.336358636,0.003025303,0.082324899,0.245416208,0.93,0.95,0.92,0.87,0.94,0.94,0.96,0.92,0.92,0.96,0.95,0.96,0.94,0.93,0.95,0.94,0.96,0.96,0.89,0.94,0.95,0.98,0.94,0.93,0.96,0.04,0.02,0.04,0.11,0.03,0.03,0.01,0.03,0.04,0.02,0.04,0.04,0.04,0.06,0.03,0.04,0.04,0.03,0.1,0.03,0.03,0.0,0.04,0.06,0.02,0.1,0.379,0.521,0.044000000000000004,13.0,61.6,17.2,0.3,3.2,0.1,0.2,4.5,362.0,0.063766074,79.0,0.033891034,11361.0,0.016927561,0.369650415,0.385547786,38.42423,-77.406611,0.537616202,0.556183025
116,5103690,126,51-790,STAUNTON CITY PBLC SCHS,2737,177.8,6,City,15.4,0.112,0.015,1368.5,113.1,248.8,238.0,0.5,11029.0,0.629291454,0.630609896,0.0,0.0,0.227703985,0.077798861,0.0,0.157495256,0.537001898,0.0,0.008787346,0.0,0.157495256,0.537001898,0.0,0.008787346,0.210017575,0.079086116,0.0,0.166080844,0.53602812,0.91,,0.89,,0.91,0.89,,0.84,,0.91,0.9,,0.95,0.82,0.88,0.91,,0.98,0.85,0.9,0.92,,0.94,1.0,0.92,0.05,,0.06,,0.05,0.07,,0.03,,0.07,0.05,,0.02,0.18,0.05,0.05,,0.02,0.08,0.06,0.02,,0.0,0.0,0.02,0.179,0.599,0.223,0.111,3.1,81.1,11.0,0.3,1.4,0.1,0.1,2.9,84.0,0.014796547,71.0,0.03045903,2527.0,0.003765157,0.247232472,0.198254364,38.1493,-79.074,0.370708546,0.369390104
117,5103710,127,51-800,SUFFOLK CITY PBLC SCHS,14322,995.2,22,Suburb,14.4,0.02,0.032,2864.4,136.0,188.4,596.8,0.409,10407.36842,0.315087621,0.297065398,0.0,0.012602579,0.704279015,0.052168816,0.0,0.052461899,0.178487691,0.00262085,0.012813046,0.0,0.052461899,0.178487691,0.00262085,0.012813046,0.711415259,0.05416424,0.0,0.055329062,0.163657542,0.87,0.75,0.86,0.91,0.89,0.87,0.86,0.84,0.89,0.93,0.87,1.0,0.86,0.88,0.88,0.9,1.0,0.88,0.92,0.94,0.87,1.0,0.85,0.85,0.9,0.08,0.08,0.09,0.07,0.07,0.08,0.07,0.1,0.11,0.04,0.07,0.0,0.09,0.1,0.03,0.04,0.0,0.06,0.04,0.02,0.06,0.0,0.08,0.1,0.04,0.11599999999999999,0.532,0.35100000000000003,0.10400000000000001,4.4,49.3,41.0,0.2,1.9,0.0,0.1,3.1,452.0,0.079619517,191.0,0.081939082,7948.0,0.01184229,0.251558603,0.334231806,36.728235,-76.582935,0.68491238,0.7029346030000001
118,5103750,90,51-181,SURRY CO PBLC SCHS,738,79.0,3,Rural,9.3,0.021,0.083,738.0,45.8,123.0,184.5,0.667,20402.33333,0.395663957,0.388807069,0.0,0.0,0.638248848,0.0,0.0,0.048387097,0.313364055,0.0,0.0,0.0,0.048387097,0.313364055,0.0,0.0,0.616252822,0.022573363,0.0,0.036117381,0.325056433,0.96,,0.98,,0.93,0.88,,0.93,,0.81,0.94,,0.95,,0.9,0.94,,0.98,,0.85,0.93,,0.98,,0.93,0.04,,0.03,,0.07,0.03,,0.0,,0.08,0.06,,0.05,,0.1,0.03,,0.0,,0.1,0.02,,0.0,,0.0,0.191,0.522,0.289,0.159,0.6,52.6,44.4,0.0,0.2,0.0,0.1,2.0,21.0,0.003699137,9.0,0.003861004,424.0,0.000631748,0.323353293,0.298136646,37.133858,-76.834873,0.604336044,0.611192931
119,5103780,91,51-183,SUSSEX CO PBLC SCHS,1091,92.6,3,Rural,11.8,0.149,0.04,1091.0,545.5,121.2,242.4,0.667,16809.33333,0.215525114,0.209569378,0.0,0.0,0.782692308,0.032692308,0.0,0.0,0.184615385,0.0,0.0,0.0,0.0,0.184615385,0.0,0.0,0.76012966,0.034035656,0.0,0.021069692,0.184764992,0.9,,0.94,,0.74,0.9,,0.91,,0.89,0.89,,0.91,,0.83,0.82,,0.85,,0.71,0.87,,0.88,,0.83,0.06,,0.03,,0.16,0.03,,0.03,,0.05,0.04,,0.03,,0.08,0.1,,0.1,,0.12,0.09,,0.07,,0.17,0.19899999999999998,0.635,0.166,0.131,3.0,38.3,54.9,0.0,1.3,0.0,0.1,2.4,48.0,0.00845517,21.0,0.009009009,1193.0,0.001777535,0.33490566,0.326923077,36.920741,-77.257769,0.784474885,0.7904306220000001
120,5103810,92,51-185,TAZEWELL CO PBLC SCHS,5585,351.0,14,Town,15.9,0.082,0.037,2792.5,58.2,214.8,446.8,0.5,8637.461538,0.927305282,0.926730486,0.0,0.004801097,0.037379973,0.010973937,0.0,0.039780521,0.907064472,0.0,0.003920171,0.0,0.039780521,0.907064472,0.0,0.003920171,0.038132573,0.012829651,0.0,0.037063436,0.90805417,0.92,,,,0.92,0.89,,0.91,,0.89,0.89,,0.88,,0.89,0.92,,0.73,,0.93,0.94,,,,0.95,0.04,,,,0.04,0.07,,0.0,,0.07,0.07,,0.12,,0.07,0.05,,0.18,,0.05,0.03,,,,0.03,0.19399999999999998,0.612,0.193,0.175,1.0,93.9,3.1,0.2,0.6,0.1,0.0,1.0,165.0,0.029064647,71.0,0.03045903,3665.0,0.005460744,0.327881041,0.304415182,37.128753,-81.527598,0.072694718,0.07326951400000001
121,5103840,128,51-810,VA BEACH CITY PBLC SCHS,68706,4244.5,87,City,16.2,0.037,0.004,1779.9,158.5,172.0,227.4,0.195,11464.2561,0.47665415,0.461561909,3.08e-08,0.05326509,0.383692199,0.158065655,0.003494529,0.10938934,0.289622309,0.002519732,0.055582317,0.003494529,0.10938934,0.289622309,0.002519732,0.055582317,0.384666691,0.156482751,0.003964872,0.111349909,0.285433727,0.91,0.97,0.88,0.9,0.92,0.92,0.97,0.9,0.88,0.93,0.93,0.98,0.9,0.93,0.95,0.94,0.97,0.92,0.91,0.94,0.94,0.98,0.92,0.92,0.95,0.05,0.01,0.06,0.06,0.04,0.04,0.02,0.06,0.08,0.03,0.04,0.02,0.06,0.06,0.03,0.03,0.02,0.04,0.06,0.02,0.03,0.01,0.04,0.05,0.02,0.153,0.527,0.322,0.073,8.2,61.7,18.4,0.2,6.6,0.1,0.2,4.6,1638.0,0.288532676,403.0,0.172887173,36025.0,0.053676205,0.30406524,0.324359475,36.750911,-76.060555,0.523345852,0.53843809
122,5103870,93,51-187,WARREN CO PBLC SCHS,5372,372.1,9,Town,14.4,0.167,0.011,1790.7,134.3,179.1,298.4,0.444,10417.11111,0.778831845,0.767248062,8.73249e-06,0.008429459,0.086956522,0.121118012,0.0,0.097160603,0.681898847,0.0,0.010968921,0.0,0.097160603,0.681898847,0.0,0.010968921,0.090493601,0.122943327,0.0,0.097806216,0.677787934,0.93,,0.91,0.91,0.94,0.94,,0.85,0.93,0.94,0.94,,1.0,0.97,0.94,0.95,1.0,0.96,0.82,0.96,0.97,,1.0,0.91,0.98,0.04,,0.03,0.04,0.03,0.03,,0.08,0.07,0.03,0.03,,0.0,0.0,0.03,0.03,0.0,0.0,0.14,0.02,0.02,,0.0,0.09,0.01,0.139,0.526,0.33299999999999996,0.099,4.6,86.8,4.2,0.1,1.1,0.0,0.2,3.0,114.0,0.020081029,58.0,0.024882025,3029.0,0.004513122,0.332258065,0.340163934,38.92217,-78.191891,0.221168154,0.232751938
123,5103900,94,51-191,WASHINGTON CO PBLC SCHS,7050,496.6,16,Rural,14.2,0.021,0.016,2350.0,36.5,227.4,293.8,0.438,10317.66667,0.926829268,0.923372781,0.0,0.008846658,0.015727392,0.043577982,0.0,0.028833552,0.903014417,0.0,0.009336845,0.0,0.028833552,0.903014417,0.0,0.009336845,0.015082595,0.03854441,0.0,0.028489346,0.908546804,0.97,,,,0.97,0.94,,,1.0,0.93,0.94,,,0.85,0.95,0.94,,,0.92,0.94,0.96,,,0.93,0.97,0.02,,,,0.02,0.04,,,0.0,0.04,0.03,,,0.1,0.03,0.03,,,0.04,0.02,0.02,,,0.07,0.01,0.185,0.602,0.213,0.146,1.5,95.3,1.3,0.0,0.6,0.0,0.1,1.1,424.0,0.074687335,110.0,0.047190047,4953.0,0.007379826,0.343446602,0.34401025,36.72211,-81.954421,0.073170732,0.07662722
124,5103930,130,51-820,WAYNESBORO CITY PBLC SCHS,2961,191.7,7,Suburb,15.4,0.075,0.008,1480.5,115.2,164.5,722.2,0.286,11234.0,0.53698075,0.514756349,0.0,0.007853403,0.215968586,0.22447644,0.0,0.126963351,0.42473822,0.0,0.010545906,0.0,0.126963351,0.42473822,0.0,0.010545906,0.218362283,0.248759305,0.0,0.122208437,0.40012407,0.83,,0.74,0.83,0.85,0.88,,0.83,0.83,0.89,0.83,,0.83,0.76,0.85,0.88,,0.84,0.88,0.9,0.86,,0.84,0.8,0.86,0.07,,0.15,0.1,0.05,0.06,,0.05,0.13,0.05,0.08,,0.05,0.24,0.06,0.07,,0.09,0.06,0.05,0.09,,0.08,0.16,0.08,0.20600000000000002,0.594,0.19899999999999998,0.168,8.1,75.1,13.4,0.4,1.1,0.3,0.0,1.6,73.0,0.012858904,38.0,0.016302016,2383.0,0.003550601,0.279034691,0.324031008,38.0682,-78.8951,0.46301925000000005,0.485243654
125,5103950,207,,WEST POINT PBLC SCHS,802,62.7,2,Town,12.8,0.014,0.058,inf,286.4,133.7,229.1,0.5,15213.5,0.711970075,0.697761194,0.0,0.0,0.218978102,0.102189781,0.0,0.178832117,0.5,0.0,0.0,0.0,0.178832117,0.5,0.0,0.0,0.227758007,0.113879004,0.0,0.15658363,0.501779359,0.98,,,,0.97,0.97,,,,1.0,0.97,,,,0.96,0.97,,,,0.98,0.97,,,,0.98,0.02,,,,0.03,0.01,,,,0.0,0.01,,,,0.02,0.02,,,,0.0,0.03,,,,0.02,0.0,0.0,0.0,,,,,,,,,,,0.0,,0.0,,0.0,,,37.538779,-76.800279,0.288029925,0.302238805
126,5103980,95,51-193,WESTMORELAND CO PBLC SCHS,1603,127.9,4,Rural,12.5,0.055,0.082,1603.0,69.7,160.3,262.8,0.5,13148.0,0.388022458,0.377906977,0.0,0.0,0.440789474,0.185150376,0.0,0.068609023,0.305451128,0.0,0.0,0.0,0.068609023,0.305451128,0.0,0.0,0.443125618,0.181998022,0.0,0.084075173,0.290801187,0.9,,0.88,1.0,0.89,0.93,,0.93,,0.91,0.93,,0.94,0.91,0.92,0.93,,0.95,0.8,0.96,0.97,,0.98,0.93,0.98,0.05,,0.04,0.0,0.07,0.05,,0.05,,0.05,0.03,,0.02,0.0,0.04,0.03,,0.02,0.1,0.02,0.02,,0.02,0.07,0.0,0.212,0.47200000000000003,0.316,0.149,6.5,63.9,25.9,0.5,0.6,0.0,0.1,2.5,77.0,0.013563502,26.0,0.011154011,1293.0,0.001926533,0.230434783,0.254901961,38.09177,-76.805621,0.611977542,0.622093023
127,5104020,131,,WILLIAMSBURG-JAMES CITY PBLC SCHS,11639,736.9,16,Suburb,15.8,0.027,0.013,1662.7,80.7,168.7,332.5,0.438,12108.1875,0.57450233,0.553891679,2.18119e-06,0.019038321,0.347571394,0.253600195,0.0,0.097144252,0.278984623,0.004062127,0.022700119,0.0,0.097144252,0.278984623,0.004062127,0.022700119,0.331182796,0.252807646,0.0,0.099641577,0.289605735,0.92,0.95,0.88,0.77,0.94,0.92,1.0,0.9,0.84,0.93,0.92,0.95,0.89,0.83,0.94,0.93,0.97,0.91,0.78,0.95,0.91,0.97,0.91,0.76,0.95,0.04,0.0,0.06,0.14,0.03,0.03,0.0,0.05,0.11,0.02,0.03,0.0,0.03,0.09,0.02,0.04,0.0,0.04,0.19,0.02,0.04,0.0,0.06,0.18,0.01,0.315,0.9159999999999999,0.77,0.28,12.9,143.3,27.9,0.4,8.9,0.0,0.6,6.0,183.0,0.032235336,85.0,0.036465036,5384.0,0.008022004,,,37.2903,-76.7261,0.42549766999999994,0.446108322
128,5104050,132,51-840,WINCHESTER CITY PBLC SCHS,4387,343.3,7,City,12.8,0.024,0.044,1096.8,137.1,217.2,315.6,0.571,12881.28571,0.392759563,0.378074491,9.45446e-06,0.01209534,0.129491284,0.52757026,0.0,0.085378869,0.237993597,0.0056899,0.013513514,0.0,0.085378869,0.237993597,0.0056899,0.013513514,0.130156472,0.527027027,0.0,0.091394026,0.232219061,0.91,,0.79,0.8,0.97,0.93,,0.91,0.92,0.94,0.89,,0.91,0.86,0.9,0.89,,0.93,0.85,0.92,0.89,,0.84,0.85,0.94,0.05,,0.15,0.12,0.01,0.05,,0.06,0.08,0.03,0.07,,0.05,0.13,0.06,0.07,,0.02,0.13,0.04,0.07,,0.08,0.12,0.02,0.179,0.55,0.271,0.163,17.8,66.0,10.0,0.2,2.1,0.0,0.0,3.9,119.0,0.020961776,46.0,0.01973402,2909.0,0.004334326,0.175066313,0.209427609,39.1852,-78.1684,0.6072404370000001,0.621925509
129,5104080,96,51-195,WISE CO PBLC SCHS,5631,399.6,13,Town,14.1,0.041,0.0,1877.0,140.4,187.7,1126.2,0.385,8715.272727,0.948545067,0.945326597,0.0,0.0,0.026766917,0.013233083,0.0,0.02075188,0.93924812,0.0,0.0,0.0,0.02075188,0.93924812,0.0,0.0,0.023341114,0.014004668,0.0,0.021340447,0.941313771,0.94,,,,0.94,0.96,,,,0.96,0.96,,,,0.96,0.99,,,,0.99,0.98,,,,0.98,0.05,,,,0.05,0.03,,,,0.03,0.03,,,,0.03,0.01,,,,0.01,0.01,,,,0.01,0.248,0.5920000000000001,0.161,0.221,1.2,91.5,5.3,0.1,0.4,0.0,0.0,1.4,166.0,0.029240796,99.0,0.042471042,3228.0,0.004809626,0.282103825,0.239160839,36.980836,-82.568767,0.051454932,0.054673401999999996
130,5104110,97,51-197,WYTHE CO PBLC SCHS,3982,271.1,13,Rural,14.7,0.034,0.071,3982.0,517.1,163.2,252.0,0.462,10139.91667,0.920140633,0.914981856,0.0,0.0,0.053873781,0.018984094,0.0,0.029245767,0.897896357,0.0,0.0,0.0,0.029245767,0.897896357,0.0,0.0,0.047395833,0.0296875,0.0,0.036979167,0.8859375,0.92,,0.58,,0.93,0.91,,0.76,,0.92,0.93,,0.81,,0.94,0.96,,0.94,,0.96,0.94,,1.0,,0.93,0.08,,0.33,,0.07,0.06,,0.12,,0.05,0.05,,0.06,,0.04,0.02,,0.06,,0.01,0.05,,0.0,,0.05,0.23800000000000002,0.608,0.153,0.14800000000000002,1.3,93.8,2.9,0.2,0.4,0.0,0.0,1.4,156.0,0.027479302,79.0,0.033891034,2664.0,0.003969283,0.255919854,0.27962963,36.9418,-81.1035,0.079859367,0.08501814399999999
131,5104150,98,51-199,YORK CO PBLC SCHS,12978,827.2,19,Suburb,15.7,0.028,0.018,1622.2,72.2,204.4,360.5,0.158,10531.84211,0.591095267,0.571245597,0.0,0.053619303,0.219839142,0.165884719,0.006367292,0.121313673,0.432975871,0.0,0.060813008,0.006367292,0.121313673,0.432975871,0.0,0.060813008,0.233495935,0.158048781,0.003577236,0.119674797,0.424390244,0.96,0.97,0.95,0.96,0.97,0.95,0.98,0.91,0.94,0.96,0.97,1.0,0.97,0.96,0.97,0.97,0.98,0.98,0.95,0.97,0.97,1.0,0.98,0.98,0.96,0.02,0.0,0.02,0.03,0.01,0.02,0.0,0.02,0.05,0.01,0.02,0.0,0.02,0.04,0.02,0.02,0.02,0.02,0.04,0.02,0.03,0.0,0.02,0.01,0.03,0.122,0.42700000000000005,0.451,0.049,6.4,70.7,12.8,0.2,5.5,0.2,0.4,3.6,70.0,0.012330456,54.0,0.023166023,3739.0,0.005571002,0.372392871,0.415327565,37.1629,-76.456721,0.40890473200000005,0.428754403
