,lea_name_19_20,students_19_20,teachers_19_20,schools_19_20,locale_19_20,dist_pp_19,student_teacher_ratio_19_20,student_school_psychologists_ratio_19_20,student_support_services_staff_ratio_19_20,student_school_counselors_ratio_19_20,student_librarians_media_specialists_ratio_19_20,percent_title_1_schools_19_20,percent_title_1_schoolwide_schools_19_20,percent_of_inexperienced_teachers_19_20,percent_of_out_of_field_teachers_19_20,tech_grant_percent_schools_participation,1920_enrollrate,2021_enrollrate,percent_students_bipoc_19,percent_students_bipoc_21,19_20_asian,19_20_asian_disadv,19_20_black_not_hisp,19_20_black_not_hisp_disadv,19_20_hisp,19_20_hisp_disadv,19_20_white_not_hisp,19_20_white_not_hisp_disadv,20_21_asian,20_21_asian_disadv,20_21_black_not_hisp,20_21_black_not_hisp_disadv,20_21_hisp,20_21_hisp_disadv,20_21_white_not_hisp,20_21_white_not_hisp_disadv,avg_grad_rate_16_19_total,avg_grad_rate_16_19_asian,avg_grad_rate_16_19_black,avg_grad_rate_16_19_hisp,avg_grad_rate_16_19_white,2020allgrad,2020asiangrad,2020blackgrad,2020hispanicgrad,2020whitegrad,avg_drop_rate_16_19_total,avg_drop_rate_16_19_black,avg_drop_rate_16_19_asian,avg_drop_rate_16_19_white,avg_drop_rate_16_19_hisp,2020alldrop,2020asiandrop,2020blackdrop,2020hispanicdrop,2020whitedrop,total_population,median_income,total_percent_below_poverty_level,percent_county_bipoc_19,percent_total_population_hispanic,percent_total_population_white_alone,percent_total_population_black_or_african_american_alone,percent_total_population_asian_alone,total_household,smartphone_with_no_other_type_of_computing_device,no_computer,cellular_data_plan_no_internet_subscription,without_an_internet_subscription_total,2020_12_hosps_rate,2020_12_deaths_rate,2020_12_cases_rate,LAT,LON
0,ACCOMACK CO PBLC SCHS,5161,320.0,13,1,12095.54545,16.1,1720.3,166.5,184.3,245.8,0.462,1.0,0.08900000000000001,0.081,0.8461538461538461,0.44230769200000003,0.374454148,0.61487795431,0.6130756579,0.006780317709999999,0.00600720865,0.3709802402,0.47537044450000004,0.2371173964,0.21625951140000002,0.37059279349999996,0.2887464958,0.0078125,0.006263982099999999,0.3735608553,0.4814317673,0.2317023026,0.2089485459,0.3696546053,0.2859060403,0.8925,,0.8675,0.855,0.9199999999999999,0.77,,0.85,0.87,0.65,0.075,0.0825,,0.05,0.1225,0.07,,0.07,0.1,0.06,32673.0,46073.0,0.19,0.384,0.09,0.6,0.28600000000000003,0.008,,,,,,0.07302709069493522,0.015901060070671377,0.05196951611422275,37.72015,-75.67143100000001
1,ALBEMARLE CO PBLC SCHS,14404,1082.9,26,1,14344.043480000002,13.3,1210.4,57.8,135.2,481.7,0.231,0.0,0.038,0.04,0.9615384615384616,0.256854933,0.272911907,0.30031174232,0.3179869938,0.05119501212,0.04530438886000001,0.10987183930000001,0.24539877300000001,0.1392448909,0.32090608779999996,0.634083824,0.3166588013,0.0563848655,0.04488078541,0.1126958321,0.23024777929999998,0.1489062962,0.3284244974,0.6143955069,0.32094436649999997,0.9425,0.98,0.9225,0.835,0.9624999999999999,0.92,0.88,0.93,0.76,0.95,0.0375,0.05,0.01,0.022500000000000003,0.13,0.05,0.1,0.01,0.22,0.02,107405.0,79880.0,0.091,0.20500000000000002,0.057999999999999996,0.77,0.095,0.052000000000000005,"43,754",0.04,0.085,0.2,0.13,0.047364672364672365,0.01103988603988604,0.026144034262836926,38.035,-78.4823
2,ALEXANDRIA CITY PBLC SCHS,16295,880.5,19,2,17924.35294,18.5,910.3,108.8,1357.9,592.5,0.42100000000000004,1.0,0.152,0.045,0.8947368421052632,0.174703131,0.188403042,0.68400073591,0.68400126226,0.05249279451,0.057168968320000006,0.2573741338,0.3255483347,0.37413380760000003,0.5138099106,0.2822714172,0.08732737612000001,0.05515935626,0.061246992779999995,0.2578731461,0.3248797113,0.3709687599,0.5059141941,0.2793941306,0.08991579791,0.8225,0.9199999999999999,0.88,0.6975,0.9450000000000001,0.82,0.96,0.93,0.69,0.97,0.1025,0.045,0.04,0.0275,0.1975,0.14,0.04,0.05,0.25,0.02,157613.0,100939.0,0.10300000000000001,0.436,0.16699999999999998,0.519,0.21100000000000002,0.057999999999999996,"71,005",0.054000000000000006,0.040999999999999995,0.084,0.077,0.059057275966018084,0.011921074266922444,0.04630328716539879,38.81542,-77.051671
3,ALLEGHANY CO PBLC SCHS,2024,154.3,5,1,11523.0,13.1,2024.0,89.2,190.9,421.7,0.6,1.0,0.07200000000000001,0.039,1.0,0.414248021,0.43431635399999996,0.06818181817999999,0.06967213115,0.00839920949,0.0,0.04150197628,0.05931198102000001,0.01828063241,0.01779359431,0.8824110672000001,0.8564650059000001,0.007172131149999999,0.0,0.04405737705,0.06708860758999999,0.01844262295,0.0164556962,0.8796106557000001,0.8481012658,0.93,,0.8724999999999999,,0.9325,0.97,,,,0.97,0.04,0.07250000000000001,,0.04,,0.02,,,,0.02,15157.0,47673.0,0.19699999999999998,0.074,0.015,0.915,0.057999999999999996,0.001,,,,,,0.04041720990873533,0.02998696219035202,0.050603681467308835,37.789012,-79.881608
4,AMELIA CO PBLC SCHS,1729,115.0,3,1,9530.666667,15.0,1729.0,123.5,172.9,432.2,0.33299999999999996,1.0,0.124,0.006999999999999999,1.0,0.27408993600000003,0.249376559,0.26054303875,0.2569145667,0.0023108029999999997,,0.2033506644,0.28110047850000003,0.05488157135,0.08133971292,0.6718659734000001,0.5442583732,0.0012292562999999999,,0.1942224954,0.27647058820000003,0.061462815000000004,0.07794117647,0.6607252612000001,0.5485294118,0.9450000000000001,,0.955,,0.9425,0.98,,0.97,1.0,0.98,0.04,0.0175,,0.045000000000000005,,0.01,,0.0,0.0,0.01,12953.0,57946.0,0.107,0.242,0.03,0.736,0.212,0.0,,,,,,0.08238636363636363,0.019886363636363636,0.027175171774878406,37.334092999999996,-77.988785
5,AMHERST CO PBLC SCHS,4115,296.2,9,1,10344.444440000001,13.9,1371.7,99.6,147.0,304.8,0.667,1.0,0.021,0.021,1.0,0.300103842,0.318777293,0.23426488457999997,0.22941903585999998,0.005589307410000001,0.0,0.18663426489999999,0.2555720654,0.04204131226999999,0.062407132239999996,0.6670716889,0.5577018326000001,0.0037082818299999996,0.0,0.18516687269999998,0.24518743669999998,0.040543881329999996,0.05977710233,0.6618046972,0.5668693009,0.915,,0.9075,,0.9299999999999999,0.95,,0.97,1.0,0.95,0.0425,0.0475,,0.0325,,0.03,,0.02,0.0,0.03,31775.0,52888.0,0.14,0.208,0.024,0.747,0.179,0.005,,,,,,0.028413028413028413,0.00693000693000693,0.04541306058221872,37.58227,-79.048071
6,APPOMATTOX CO PBLC SCHS,2279,154.3,4,1,9708.5,14.8,2279.0,101.3,175.3,303.9,0.5,1.0,0.107,0.11199999999999999,1.0,0.295275591,0.323586745,0.25537516456,0.24955985917,0.00175515577,0.0,0.2207108381,0.33272227309999997,0.032909170689999996,0.04491292392,0.6537955244,0.4922089826,0.0017605633800000001,0.0,0.2156690141,0.3330612245,0.03213028169,0.04489795918,0.6549295775,0.4906122449,0.935,,0.9624999999999999,,0.9275,0.91,,0.89,,0.91,0.035,0.0175,,0.04,,0.02,,0.03,,0.03,15707.0,58696.0,0.132,0.21499999999999997,0.017,0.767,0.19699999999999998,0.001,,,,,,0.04189944134078212,0.009776536312849162,0.04558477112115617,37.3552,-78.8294
7,ARLINGTON CO PBLC SCHS,28151,1921.1,41,2,18446.5625,14.7,612.0,85.2,150.5,339.2,0.195,1.0,0.036000000000000004,0.02,0.878048780487805,0.351256467,0.353017401,0.4746545416,0.48153393210999995,0.0908315868,0.12346304979999999,0.1010266065,0.19520851820000001,0.2827963483,0.5825833439,0.45138716209999996,0.07554823172000001,0.08947937241,0.1197506562,0.10300749079999999,0.20456036749999998,0.2890470689,0.5657808399,0.43975701559999997,0.08349737532999998,0.915,0.955,0.9375,0.795,0.9875,0.93,0.97,0.99,0.83,0.99,0.0575,0.0275,0.02,0.005,0.1575,0.05,0.01,0.01,0.14,0.0,233464.0,120071.0,0.068,0.34700000000000003,0.156,0.615,0.08900000000000001,0.102,"111,887",0.03,0.038,0.1,0.07400000000000001,0.0739404869251578,0.02040126239855726,0.03800157626015146,38.872682,-77.083473
8,AUGUSTA CO PBLC SCHS,10339,739.1,18,1,12494.85714,14.0,2067.8,277.9,165.7,552.9,0.5,1.0,0.027999999999999997,0.013999999999999999,1.0,0.37309769299999995,0.42305712799999995,0.09804679946,0.10679802955,0.01044285438,0.01043522525,0.028137690969999997,0.04250445406,0.059466254110000005,0.1028251463,0.8574743762999999,0.7826418936,0.010443349749999999,0.01140901312,0.031822660100000004,0.041642897889999995,0.0645320197,0.09127210496,0.8451231527,0.7826583001,0.9275000000000001,,0.8475,0.855,0.935,0.94,,0.94,0.94,0.94,0.04,0.07250000000000001,,0.030000000000000002,0.1,0.03,,0.06,0.06,0.03,75079.0,62711.0,0.087,0.07499999999999998,0.027999999999999997,0.907,0.040999999999999995,0.006,"29,951",0.122,0.084,0.22399999999999998,0.134,0.02298155427880254,0.008769277290595706,0.04404693722612182,38.19296,-79.01418100000001
9,BATH CO PBLC SCHS,529,51.7,3,1,17281.66667,10.2,,91.2,88.2,264.5,0.667,0.0,0.11599999999999999,0.028999999999999998,1.0,0.169398907,0.28,0.047258979199999995,0.057581573899999995,0.0056710775,0.0,0.028355387519999997,0.0,0.013232514179999998,0.0,0.9187145558,0.9522058823999999,0.00767754319,0.0,0.03071017274,0.03333333333,0.01919385797,0.0,0.9097888676,0.9233333333,0.9175,,,,0.905,0.94,,,,0.93,0.0425,,,0.0475,,0.06,,,,0.07,4307.0,49738.0,0.109,0.07,0.037000000000000005,0.892,0.03,0.003,,,,,,0.0196078431372549,0.0,0.03552356628743905,38.045289000000004,-79.78744
10,BEDFORD CO PBLC SCHS,9555,669.0,22,1,10645.10526,14.3,1365.0,159.0,167.6,316.4,0.364,1.0,0.052000000000000005,0.06,0.8636363636363636,0.248443133,0.29591461199999997,0.13930140138,0.13983651225000002,0.01903367496,0.01547987616,0.07948128007000001,0.1359649123,0.04078644635,0.05366357069,0.8077807990000001,0.721878225,0.018528610350000002,0.016622922130000002,0.08043596730000001,0.1370662001,0.0408719346,0.049577136189999996,0.8039237056999999,0.715077282,0.915,0.9175,0.8875000000000001,0.9025000000000001,0.92,0.92,0.94,0.89,0.74,0.94,0.05500000000000001,0.0525,0.0675,0.052500000000000005,0.08499999999999999,0.04,0.06,0.08,0.19,0.02,78376.0,64199.0,0.08900000000000001,0.10300000000000001,0.022000000000000002,0.877,0.069,0.012,"31,390",0.106,0.11699999999999999,0.201,0.226,0.030254264563887995,0.009977470228516253,0.039642237419618254,37.3316,-79.5248
11,BLAND CO PBLC SCHS,693,51.8,2,1,10579.5,13.4,3465.0,88.8,173.2,346.5,0.5,1.0,0.016,0.065,1.0,0.219512195,0.32487309600000003,,,,,0.0101010101,0.0,0.014430014430000002,0.0,0.9480519481,1.0,,,0.0029850746300000004,0.0,0.00895522388,0.0,0.9567164179,0.9548192770999999,0.9425,,,,0.9425,0.96,,,,0.96,0.052500000000000005,,,0.055,,0.02,,,,0.02,6388.0,48531.0,0.10300000000000001,0.052000000000000005,0.013000000000000001,0.9390000000000001,0.037000000000000005,0.002,,,,,,0.027083333333333334,0.0125,0.07514088916718847,37.156929999999996,-81.147341
12,BOTETOURT CO PBLC SCHS,4672,320.2,12,1,11010.54545,14.6,1557.3,131.2,179.7,389.3,0.41700000000000004,0.0,0.0,0.01,0.9166666666666665,0.272848566,0.251319261,0.07405821918000001,0.07944030693000001,0.00770547945,0.00798722045,0.020333904110000002,0.03274760383,0.046018835620000004,0.10782747599999999,0.8741438356000001,0.7747603834,0.0092529903,0.00827586207,0.02121417287,0.038620689660000006,0.048973143760000004,0.10137931030000001,0.8693297224,0.7820689654999999,0.95,,,,0.9575,0.96,,,,0.96,0.0225,,,0.0175,,0.02,,,,0.02,33343.0,71110.0,0.065,0.054,0.017,0.929,0.03,0.006999999999999999,,,,,,0.03018575851393189,0.013157894736842105,0.038748762858770956,37.5046,-79.8648
13,BRISTOL CITY PBLC SCHS,2255,158.0,7,3,10702.0,14.3,2255.0,563.8,161.1,451.0,0.5710000000000001,1.0,0.006,0.055999999999999994,0.8571428571428571,0.27049180300000003,0.260299625,0.11396895787,0.12511291779,0.0088691796,0.0,0.06518847007,0.06535947712000001,0.0399113082,0.04575163399,0.8044345898,0.7934640523000001,0.00948509485,0.0,0.07136404697000001,0.09672727273,0.04426377597,0.04945454545,0.7813911471999999,0.7367272726999999,0.8724999999999999,,,,0.8675,0.94,,,,0.94,0.05,,,0.05,,0.0,,,,0.0,16912.0,37500.0,0.226,0.082,0.023,0.882,0.057,0.002,,,,,,0.04580152671755725,0.008724100327153763,0.05422185430463576,36.596965000000004,-82.181538
14,BRUNSWICK CO PBLC SCHS,1538,105.8,5,1,12825.2,14.5,,219.7,207.8,307.6,1.0,1.0,0.033,0.149,1.0,0.300970874,0.25388601,0.80819245778,0.8228807718899999,0.00390117035,0.0,0.7639791938,0.8193624557,0.040312093630000004,0.03305785124,0.1729518856,0.1310507674,0.0048242591299999995,0.0,0.7767057202,0.8093106535,0.04135079256,0.04297224709,0.1578221916,0.133393017,0.8425,,0.8425,,0.8474999999999999,0.94,,0.93,,0.96,0.1025,0.10250000000000001,,0.10500000000000001,,0.01,,0.02,,0.0,16520.0,44434.0,0.204,0.5680000000000001,0.022000000000000002,0.40700000000000003,0.541,0.005,,,,,,0.0655226209048362,0.0124804992199688,0.03880145278450363,36.81058,-77.771563
15,BUCHANAN CO PBLC SCHS,2676,192.2,9,1,11082.0,13.9,5352.0,297.3,205.8,236.8,0.444,1.0,0.034,0.004,0.8888888888888888,0.334365325,0.342622951,0.01270553064,0.01271860096,0.00224215247,0.0,0.0044843049299999995,0.0,0.0059790732400000005,0.0,0.9786995516,1.0,0.00238473768,0.0,0.0039745628,0.0,0.00635930048,0.0,0.980127186,1.0,0.8825000000000001,,,,0.8825000000000001,0.88,,,,0.88,0.0575,,,0.0575,,0.05,,,,0.05,21788.0,31956.0,0.284,0.042,0.005,0.9490000000000001,0.027000000000000003,0.01,,,,,,0.06896551724137931,0.027586206896551724,0.03993023682761153,37.282546999999994,-82.059899
16,BUCKINGHAM CO PBLC SCHS,2113,141.2,5,1,10572.0,15.0,2113.0,257.7,211.3,201.2,0.4,1.0,0.05,0.05,0.8,0.314479638,0.332474227,0.38665404637,0.39671478350999995,0.00189304307,0.0,0.34642688120000004,0.4309012876,0.0383341221,0.046351931330000005,0.5309985802,0.4274678112,0.00199104032,,0.35042309609999994,0.46883468829999997,0.04430064709,0.05149051491,0.5176704827999999,0.3902439024,0.9349999999999999,,0.9375,,0.95,0.95,,0.98,,0.93,0.05,0.04,,0.0425,,0.04,,0.02,,0.05,17059.0,49025.0,0.158,0.36800000000000005,0.024,0.612,0.342,0.002,,,,,,0.028487947406866325,0.008765522279035792,0.08025089395626941,37.541926000000004,-78.51343299999999
17,BUENA VISTA CITY PBLC SCHS,895,67.7,4,1,11400.25,13.2,895.0,271.2,111.9,179.0,0.5,1.0,0.025,0.062,1.0,0.239382239,0.291497976,,,,,0.05139664804,0.08064516128999999,0.02234636872,0.026881720430000002,0.8715083799,0.8360215054,,,0.05349344978000001,0.06888361045,0.02292576419,0.035629453680000006,0.865720524,0.8289786223,0.865,,,,0.8725,0.84,,,,0.81,0.0725,,,0.06999999999999999,,0.13,,,,0.15,6484.0,32455.0,0.255,0.11,0.018000000000000002,0.8809999999999999,0.073,0.019,,,,,,0.03125,0.0078125,0.07896360271437385,37.736863,-79.35120400000001
18,CAMPBELL CO PBLC SCHS,7921,499.0,15,1,9900.153846,15.9,1584.2,287.0,249.1,370.1,0.467,1.0,0.037000000000000005,0.035,0.8666666666666667,0.34792761200000005,0.361796331,0.21954298695,0.22961345835,0.01249842192,0.01199680085,0.1594495644,0.23220474540000002,0.04759500063,0.06878165822,0.7145562429000001,0.5998400427,0.013612430969999999,0.01314252336,0.1624502376,0.22634345790000002,0.05355078978,0.0660046729,0.7006549377,0.6013434579,0.9125000000000001,,0.91,,0.92,0.94,,0.95,0.81,0.94,0.035,0.042499999999999996,,0.0325,,0.02,,0.03,0.13,0.02,55225.0,49664.0,0.11,0.17400000000000002,0.025,0.7959999999999999,0.14,0.009000000000000001,,,,,,0.026150121065375304,0.009200968523002421,0.03739248528746039,37.275999999999996,-79.10278100000001
19,CAROLINE CO PBLC SCHS,4253,210.8,5,1,10216.4,20.2,2126.5,223.8,184.9,425.3,0.4,1.0,0.081,0.047,1.0,0.326431181,0.324422843,0.36656477784999997,0.3718228032,0.00752410063,0.00890346767,0.2619327534,0.3200562324,0.09710792382000001,0.11715089029999999,0.5306842229000001,0.4418931584,0.0077463084000000005,0.007600950120000001,0.2616799806,0.33634204279999996,0.1023965142,0.1273159145,0.5216654563,0.42185273160000003,0.89,,0.9075,0.895,0.88,0.89,,0.93,0.8,0.86,0.05750000000000001,0.0375,,0.0675,0.057499999999999996,0.08,,0.07,0.13,0.1,30381.0,65103.0,0.08800000000000001,0.325,0.048,0.632,0.268,0.009000000000000001,,,,,,0.03864734299516908,0.008695652173913044,0.03406734472203021,38.03825,-77.342811
20,CARROLL CO PBLC SCHS,3713,289.2,11,1,10782.0,12.8,1856.5,233.5,247.5,1687.7,0.636,1.0,0.068,0.031,0.8181818181818182,0.302721088,0.333766234,0.08402908698,0.06756756757,0.00296256396,0.0,0.008079719899999999,0.010968921390000002,0.07298680312,0.10511883000000001,0.9008887692,0.8688299816999999,0.0025337837800000003,0.0,0.007038288290000001,0.00828056503,0.0579954955,0.07890891377999999,0.9149774775,0.8977106673,0.91,,,,0.9125,0.94,,,0.93,0.95,0.055,,,0.0575,,0.03,,,0.07,0.02,29801.0,44835.0,0.146,0.041,0.035,0.945,0.005,0.001,,,,,,0.06755852842809365,0.024080267558528427,0.05016610180866414,36.767210999999996,-80.735895
21,CHARLES CITY CO PBLC SCHS,620,54.5,2,1,15400.5,11.4,,112.7,155.0,155.0,1.0,0.0,0.062,0.046,1.0,0.282208589,0.361538462,,0.5295138888400001,,,0.5322580645,0.5813953488,0.012903225809999998,0.0,0.3241935484,0.3023255814,0.00520833333,,0.5069444444,0.5315614618,0.01736111111,0.0,0.32291666669999997,0.3289036545,0.9525,,0.955,,0.945,0.92,,0.91,,0.93,0.04,0.0325,,0.055,,0.08,,0.09,,0.07,7014.0,57198.0,0.132,0.47900000000000004,0.019,0.423,0.451,0.009000000000000001,,,,,,0.12307692307692308,0.041025641025641026,0.027801539777587682,37.351462,-77.077427
22,CHARLOTTE CO PBLC SCHS,1763,126.5,5,1,13262.8,13.9,,176.3,440.8,271.2,0.6,1.0,0.085,0.092,1.0,0.21995926699999999,0.259656652,0.30629608623,0.31691772889,0.0034032898499999995,0.0,0.2779353375,0.38932806319999996,0.024957458880000002,0.03458498024,0.6279069767,0.48418972330000004,0.00405561993,0.0,0.2879490151,0.40914419700000004,0.02491309386,0.030480656510000002,0.6095017381000001,0.4595545135,0.8925,,0.9125,,0.8775000000000001,0.91,,0.95,,0.89,0.07250000000000001,0.065,,0.07250000000000001,,0.05,,0.0,,0.08,12040.0,40573.0,0.237,0.30600000000000005,0.022000000000000002,0.679,0.28,0.004,,,,,,0.079155672823219,0.0158311345646438,0.03147840531561462,37.053381,-78.636436
23,CHARLOTTESVILLE CTY PBLC SCHS,4542,354.8,10,2,16110.555559999999,12.8,1135.5,45.2,126.2,1032.3,0.5,1.0,0.034,0.036000000000000004,0.9,0.169531713,0.150262085,0.49493838031000004,0.51044846207,0.06161971831000001,0.08072653884999999,0.30765845070000003,0.5171543895,0.1256602113,0.1543895055,0.4168133803,0.1478304743,0.05940361587000001,0.0681352459,0.3193237849,0.5158811475,0.1317210613,0.1542008197,0.3970415591,0.1552254098,0.92,0.8724999999999999,0.8925,0.845,0.9624999999999999,0.95,0.79,0.97,0.77,0.99,0.0525,0.0625,0.1025,0.017499999999999998,0.11,0.03,0.07,0.02,0.11,0.0,47096.0,59471.0,0.24100000000000002,0.313,0.055,0.657,0.187,0.071,,,,,,0.031320926009986386,0.015887426236949616,0.04677679633089859,38.055288,-78.48484499999999
24,CHESAPEAKE CITY PBLC SCHS,41597,2757.5,48,3,11329.48889,15.1,2310.9,159.2,184.5,322.5,0.292,1.0,0.028999999999999998,0.006,0.9375,0.334170329,0.35351246399999997,0.45705219129,0.46593401053000005,0.02764622449,0.01959026005,0.32235497750000003,0.5346623439,0.1070509893,0.11216113679999999,0.45835036180000005,0.2532248051,0.02888614423,0.01971894832,0.3244019862,0.5343003929000001,0.11264588010000001,0.1217890601,0.44430721149999997,0.2398760955,0.9325,0.995,0.91,0.9225,0.9450000000000001,0.94,0.97,0.92,0.93,0.95,0.0375,0.052500000000000005,0.0025,0.0275,0.05,0.03,0.03,0.04,0.05,0.03,239982.0,78640.0,0.086,0.386,0.062,0.574,0.293,0.031,"86,878",0.09300000000000001,0.033,0.115,0.084,0.06606606606606606,0.010832260832260833,0.03885291396854764,36.714377,-76.248354
25,CHESTERFIELD CO PBLC SCHS,62614,3970.2,69,3,10074.63934,15.8,,66.2,184.8,531.1,0.319,1.0,0.09,0.015,0.9130434782608695,0.298250016,0.307002945,0.46279659799,0.48374490999,0.033078555589999996,0.02794638856,0.2536022595,0.3576404449,0.17611578290000002,0.2993033772,0.48304584399999995,0.2601539903,0.033626691189999995,0.027020327219999998,0.2630533298,0.36783176330000006,0.187064889,0.3111882333,0.4607743334,0.2366137828,0.9075000000000001,0.96,0.9075000000000001,0.7899999999999999,0.9325,0.92,0.98,0.93,0.79,0.95,0.0675,0.065,0.025,0.04750000000000001,0.18,0.06,0.02,0.05,0.19,0.04,343551.0,82599.0,0.068,0.349,0.08800000000000001,0.618,0.22699999999999998,0.034,"128,920",0.07,0.049,0.071,0.10400000000000001,0.046557929397350484,0.013170993184776783,0.03801182357204607,37.3759,-77.5031
26,CLARKE CO PBLC SCHS,1924,141.2,4,4,11668.0,13.6,2405.0,43.0,137.4,481.0,0.5,0.0,0.051,0.073,1.0,0.268370607,0.272407733,0.13966770507,0.15816618908,0.00934579439,0.0,0.03011422638,0.04605263158,0.1002076843,0.2675438596,0.7736240914,0.5701754386000001,0.00974212034,0.0,0.032091690539999995,0.04925053533,0.1163323782,0.2548179872,0.7564469914,0.5867237687,0.9825,,,,0.9875,0.97,,,0.95,0.98,0.0075,,,0.005,,0.02,,,0.05,0.01,14423.0,80026.0,0.076,0.117,0.055999999999999994,0.861,0.054000000000000006,0.006999999999999999,,,,,,0.05398457583547558,0.012853470437017995,0.02697081051098939,39.154959000000005,-77.98742800000001
27,COLONIAL BEACH PBLC SCHS,652,38.6,2,4,11049.5,16.9,,296.4,163.0,543.3,0.5,0.0,0.16699999999999998,0.19,1.0,,,0.2868098159,0.26025236595,0.012269938650000001,0.0,0.2377300613,0.35042735039999995,0.03680981595,0.04558404558,0.5981595091999999,0.4814814815,0.0094637224,0.0,0.2066246057,0.2988505747,0.04416403785,0.054597701150000004,0.5977917981,0.5143678160999999,0.95,,,,0.9325,0.97,,,,0.96,0.035,,,0.042499999999999996,,0.0,,,,0.0,,,,,,,,,,,,,,,,,38.249988,-76.96162199999999
28,COLONIAL HEIGHTS CITY PBLC SCHS,2899,220.2,6,3,12214.8,13.2,1449.5,87.8,161.1,329.4,0.667,0.0,0.024,0.008,0.8333333333333335,0.28419654699999997,0.314112291,0.33149361845,0.3663793103,0.029320455330000002,0.03071253071,0.2086926526,0.2843980344,0.09348051052,0.1234643735,0.5774404967,0.46683046679999995,0.0316091954,0.03136094675,0.2345545977,0.298816568,0.10021551719999999,0.11775147929999999,0.5431034483,0.45325443790000003,0.935,,0.9525,0.9225,0.9325,0.87,,0.84,0.74,0.89,0.025,0.0175,,0.02,0.042499999999999996,0.06,,0.11,0.16,0.03,17428.0,54550.0,0.121,0.247,0.059000000000000004,0.723,0.146,0.042,,,,,,0.06840390879478828,0.04560260586319218,0.03523066330043608,37.2426,-77.4085
29,COVINGTON CITY PBLC SCHS,1018,68.4,3,4,10060.66667,14.9,,74.9,,2545.0,0.33299999999999996,1.0,0.131,0.0,1.0,0.293577982,0.276679842,0.19253438113000002,0.18503937004999998,0.0068762279,0.0,0.1355599214,0.18421052629999998,0.05009823183,0.049707602340000004,0.7337917485,0.6461988304,0.00688976378,0.0,0.12106299209999999,0.16835016840000003,0.05708661417,0.057239057239999995,0.7401574803,0.6632996633,0.8375,,,,0.825,0.16,,0.2,,0.15,0.07250000000000001,,,0.0725,,0.05,,0.0,,0.08,5598.0,40655.0,0.132,0.161,0.024,0.81,0.125,0.012,,,,,,0.02717391304347826,0.010869565217391304,0.06573776348695963,37.7867,-79.9865
30,CRAIG CO PBLC SCHS,588,50.3,2,1,10887.0,11.7,588.0,96.4,147.0,2940.0,0.5,1.0,0.11699999999999999,0.0,1.0,0.36956521700000006,0.303030303,0.01530612245,0.01282051281,0.0034013605399999996,0.0,0.00510204082,0.0,0.00680272109,0.0,0.981292517,1.0,0.0036630036599999997,0.0,0.00549450549,0.0,0.0036630036599999997,,0.9816849817000001,1.0,0.8975,,,,0.8975,0.9,,,,0.89,0.045000000000000005,,,0.045000000000000005,,0.08,,,,0.09,5110.0,55708.0,0.08900000000000001,0.001,0.0,0.986,0.001,0.0,,,,,,0.04697986577181208,0.006711409395973154,0.029158512720156557,37.518784000000004,-80.083861
31,CULPEPER CO PBLC SCHS,8516,560.3,11,4,10153.1,15.2,1703.2,76.0,193.5,283.9,0.273,1.0,0.07,0.027000000000000003,0.9090909090909091,0.31270183,0.296335635,0.39455462967,0.41073158916,0.013730782769999998,0.00888324873,0.13284825720000001,0.17614213199999998,0.2479755897,0.3913705584,0.5286938153,0.335786802,0.014292635659999999,0.009934714729999999,0.1417151163,0.1995458416,0.2547238372,0.3306840761,0.5089631783,0.3630428612,0.91,,0.9025000000000001,0.76,0.9500000000000001,0.91,,0.87,0.84,0.94,0.06000000000000001,0.04,,0.0225,0.20249999999999999,0.06,,0.07,0.16,0.03,51101.0,77935.0,0.078,0.263,0.107,0.703,0.139,0.017,,,,,,0.04469646430953969,0.0066711140760507,0.05866812782528718,38.48666,-77.992211
32,CUMBERLAND CO PBLC SCHS,1321,103.0,4,1,10986.33333,12.8,1321.0,330.2,220.2,1321.0,0.25,1.0,0.10300000000000001,0.017,0.75,0.330218069,0.33447099,0.42997728991,0.43663123470000004,0.0015140045399999998,0.0,0.3807721423,0.4547707559,0.04769114307,0.05452292441,0.49583648750000003,0.4014869888,0.0016353229800000002,,0.39493049880000003,0.42363112389999996,0.040065412919999994,0.03314121037,0.485690924,0.44380403459999995,0.9325,,0.9375000000000001,,0.935,0.94,,0.98,,0.93,0.0375,0.0275,,0.04,,0.04,,0.0,,0.05,9824.0,47469.0,0.17800000000000002,0.321,0.009000000000000001,0.633,0.3,0.012,,,,,,0.07106598984771574,0.02030456852791878,0.020052931596091204,37.492862,-78.248024
33,DANVILLE CITY PBLC SCHS,5702,388.1,14,4,12183.81818,14.7,,132.9,203.6,475.2,0.5,1.0,0.057999999999999996,0.08800000000000001,0.7857142857142857,0.197340426,0.21892055800000002,0.7807786741799999,0.78910081742,0.01210101719,0.00842696629,0.6825675201999999,0.7257724718999999,0.08611013678999999,0.06109550562000001,0.18484742199999998,0.1629213483,0.012715712990000001,0.0076869322200000005,0.6890099909,0.7547169811000001,0.08737511353,0.05765199161,0.1760217984,0.144304682,0.8025,,0.7675000000000001,0.8925,0.8674999999999999,0.81,,0.79,0.89,0.86,0.095,0.1125,,0.065,0.045,0.09,,0.11,0.08,0.05,41070.0,37203.0,0.22399999999999998,0.5429999999999999,0.043,0.424,0.488,0.012,,,,,,0.07364341085271318,0.027131782945736434,0.05653761869978086,36.58768,-79.390971
34,DICKENSON CO PBLC SCHS,2064,141.9,5,1,11409.4,14.5,2064.0,59.7,172.0,242.8,0.6,1.0,0.057,0.0,1.0,0.335784314,0.310776942,0.01841085271,0.018301982720000002,0.0014534883699999998,0.0,0.00920542636,0.0,0.00775193798,0.0,0.9757751938,1.0,0.0015251652300000001,,0.00965937977,0.01681503462,0.0071174377200000005,0.0,0.9745805796,0.9831849654,0.9099999999999999,,,,0.9125,0.95,,,,0.95,0.065,,,0.0625,,0.03,,,,0.03,14756.0,29932.0,0.257,0.016,0.009000000000000001,0.976,0.006,0.001,,,,,,0.038880248833592534,0.007776049766718507,0.04357549471401464,37.150416,-82.457554
35,DINWIDDIE CO PBLC SCHS,4347,274.0,7,1,10988.57143,15.9,1449.0,76.3,167.2,289.8,0.5710000000000001,1.0,0.063,0.013999999999999999,1.0,0.467142857,0.471875,0.39912583388,0.40175813734,0.0029905682100000003,0.0,0.3220611916,0.39816031539999996,0.07407407407000001,0.1042487954,0.5442834138,0.4345159877,0.0028510335,0.0,0.3224043716,0.3751483973,0.07650273224,0.10011871779999999,0.5362318841,0.4570637119,0.8775,,0.895,0.855,0.875,0.91,,0.92,0.89,0.91,0.065,0.0575,,0.0625,0.0925,0.05,,0.04,0.06,0.05,28485.0,60346.0,0.121,0.362,0.035,0.619,0.318,0.009000000000000001,,,,,,0.0611353711790393,0.016375545851528384,0.032157275759171496,37.0784,-77.5864
36,ESSEX CO PBLC SCHS,1320,109.7,3,4,12719.66667,12.0,1320.0,660.0,165.0,322.0,0.667,1.0,0.16,0.10400000000000001,1.0,0.266490765,0.287833828,0.5962121212600001,0.6013071895000001,0.01666666667,0.02064220183,0.5257575758,0.6123853211,0.05378787879,0.06307339449999999,0.3053030303,0.2110091743,0.0204248366,0.024067388690000004,0.5285947712,0.614921781,0.0522875817,0.055354993979999996,0.3014705882,0.21058965100000002,0.89,,0.915,,0.8574999999999999,0.9,,0.91,,0.84,0.065,0.04,,0.09250000000000001,,0.04,,0.07,,0.03,10998.0,51954.0,0.168,0.43499999999999994,0.036000000000000004,0.5479999999999999,0.39299999999999996,0.006,,,,,,0.07624633431085044,0.005865102639296188,0.03100563738861611,37.9303,-76.8607
37,FAIRFAX CO PBLC SCHS,188887,13132.5,221,3,16226.31937,14.4,1104.6,86.6,153.5,697.0,0.213,1.0,0.04,0.027999999999999997,0.8778280542986425,0.323802369,0.318794418,0.5611019954700001,0.5694317954000001,0.1945747102,0.13206044699999997,0.09824802837,0.1578680662,0.2682792569,0.5666274545000001,0.3784099931,0.1191747353,0.19772207290000002,0.1401452261,0.10028543499999999,0.1642895721,0.2714242875,0.543677862,0.3678780071,0.1259026625,0.915,0.975,0.93,0.75,0.9774999999999999,0.93,0.98,0.96,0.79,0.99,0.0675,0.0475,0.0175,0.01,0.22999999999999998,0.06,0.01,0.03,0.2,0.01,1145862.0,124831.0,0.061,0.44899999999999995,0.163,0.507,0.095,0.191,"400,186",0.027999999999999997,0.022000000000000002,0.053,0.042,0.06689860608954681,0.015439889032903564,0.03837896710075035,38.8682,-77.2242
38,FALLS CHURCH CITY PBLC SCHS,2648,172.9,5,3,19378.75,15.3,882.7,59.5,132.4,420.3,0.2,0.0,0.023,0.013999999999999999,0.8,0.126963351,0.152838428,0.2533031333,0.24720000000000003,0.07738769347,0.11111111109999999,0.03473008683,0.1060606061,0.14118535299999999,0.6111111111,0.6296715742,0.1717171717,0.0748,0.1128205128,0.0344,0.1076923077,0.138,0.6102564103,0.6308,0.1692307692,0.9874999999999999,0.9875,,0.9825,0.9874999999999999,0.95,1.0,0.91,0.85,0.97,0.005,,0.0,0.0025,0.0175,0.02,0.0,0.0,0.06,0.02,14128.0,127610.0,0.032,0.252,0.107,0.7170000000000001,0.046,0.099,,,,,,0.09659090909090909,0.03409090909090909,0.01245753114382786,38.8882,-77.1802
39,FAUQUIER CO PBLC SCHS,11181,869.3,20,3,12761.47368,12.9,1863.5,76.1,162.0,219.2,0.25,0.2,0.047,0.081,0.95,0.290575916,0.28373494,0.26902781507,0.28828216087,0.015651551740000002,0.01226158038,0.07646900993,0.1580381471,0.1769072534,0.3872615804,0.6694392272999999,0.3702316076,0.01603186941,0.01195065536,0.07646715896,0.1588280648,0.1957831325,0.3793369314,0.6486591527000001,0.3743253662,0.9525,,0.9025,0.8925,0.9675,0.96,1.0,0.96,0.93,0.96,0.02,0.055,,0.0125,0.065,0.02,0.0,0.01,0.05,0.01,69728.0,100783.0,0.057999999999999996,0.173,0.083,0.8,0.073,0.017,"24,270",0.07,0.08,0.13699999999999998,0.125,0.03799071338117349,0.011819333051920641,0.03397487379531895,38.7146,-77.8091
40,FLOYD CO PBLC SCHS,1919,121.8,5,1,11262.2,15.8,,40.7,191.9,383.8,0.8,1.0,0.035,0.07,1.0,0.339130435,0.303418803,0.06760270411,0.07092198582,0.00676027041,0.0,0.01300052002,0.02631578947,0.04784191368,0.08373205741999999,0.887675507,0.8301435407,0.007637752320000001,0.0,0.01145662848,0.020075282309999998,0.05182760502,0.08030112922999999,0.8848881615,0.8456712673,0.9575,,,,0.9575,0.98,,,,0.98,0.04,,,0.04,,0.02,,,,0.02,15704.0,51521.0,0.10300000000000001,0.045,0.028999999999999998,0.932,0.015,0.001,,,,,,0.03747534516765286,0.03353057199211045,0.03228476821192053,36.9159,-80.3161
41,FLUVANNA CO PBLC SCHS,3549,241.4,5,1,10823.0,14.7,1774.5,100.0,161.3,319.7,0.6,1.0,0.034,0.0,1.0,0.29019211300000003,0.267676768,0.22006198932999999,0.23051258718,0.0045083122,0.0,0.1473654551,0.24885145479999998,0.06818822203,0.10183767230000002,0.6942800789,0.5405819296,0.0042462845,0.0,0.1468001213,0.24722427830000002,0.07946618138,0.1065877128,0.6730360933999999,0.5255366395,0.9525,,0.9575,0.9349999999999999,0.95,0.96,,0.9,,0.96,0.02,0.01,,0.025,0.025,0.02,,0.04,,0.02,26594.0,76873.0,0.055,0.184,0.035,0.782,0.142,0.006999999999999999,,,,,,0.0712401055408971,0.013192612137203167,0.028502669775137247,37.873678999999996,-78.26067900000001
42,FRANKLIN CO PBLC SCHS,6887,517.0,16,4,11429.307690000001,13.3,1377.4,66.5,140.6,459.1,0.5,1.0,0.052000000000000005,0.018000000000000002,1.0,0.319948187,0.321380244,0.15914040946,0.16715138528,0.0037752286899999997,0.004061230870000001,0.0824742268,0.1127772571,0.07289095397,0.10777881909999999,0.7682590388,0.6760387378999999,0.00443900199,0.005689001260000001,0.08724934946,0.11820480400000001,0.07546303383,0.1039823009,0.7515689576,0.6684576485,0.915,,0.8925,0.87,0.9199999999999999,0.93,,0.93,0.91,0.93,0.0675,0.07250000000000001,,0.0625,0.12000000000000001,0.06,,0.08,0.09,0.06,56187.0,56254.0,0.145,0.10700000000000001,0.027999999999999997,0.872,0.07400000000000001,0.005,,,,,,0.034349506225848,0.009446114212108201,0.04145086941819282,37.016,-79.8703
43,FRANKLIN CITY PBLC SCHS,1078,81.4,3,4,13867.333330000001,13.2,1078.0,107.8,179.7,269.5,0.667,1.0,0.033,0.152,1.0,0.252747253,0.23426573399999998,0.82560296843,0.8171206225600001,0.010204081629999999,0.0,0.7912801484,0.8677098151,0.024118738400000003,0.0213371266,0.1419294991,0.08250355619000001,0.00486381323,,0.7966926070000001,0.88,0.01556420233,0.0,0.1517509728,0.09230769231,0.9125,,0.905,,,0.9,,0.88,,,0.055,0.0675,,,,0.1,,0.12,,,8147.0,40417.0,0.147,0.5910000000000001,0.011000000000000001,0.369,0.5670000000000001,0.013000000000000001,,,,,,0.05200594353640416,0.02526002971768202,0.08260709463606235,36.677158,-76.9238
44,FREDERICK CO PBLC SCHS,13875,972.6,18,1,11991.444440000001,14.3,1632.4,89.7,170.0,330.4,0.5,1.0,0.037000000000000005,0.013999999999999999,1.0,0.373559078,0.397546898,0.25252161385,0.26876710298,0.01721902017,0.017488411290000002,0.041498559080000004,0.054782975139999995,0.1938040346,0.3754740834,0.6967579250999999,0.490729035,0.01871163375,0.018352833219999996,0.043857702830000005,0.054829089240000004,0.2061977664,0.3803624685,0.6775386435999999,0.4835971553,0.935,0.985,0.94,0.8875,0.94,0.93,1.0,0.92,0.82,0.96,0.035,0.030000000000000002,0.0,0.03,0.065,0.05,0.0,0.04,0.15,0.03,86415.0,78002.0,0.062,0.13799999999999998,0.086,0.8340000000000001,0.039,0.013000000000000001,"32,010",0.096,0.077,0.156,0.159,0.03831725616291533,0.007502679528403001,0.043186946710640516,39.190219,-78.186758
45,FREDERICKSBURG CITY PBLC SCHS,3755,256.3,5,3,13153.25,14.7,1251.7,76.3,187.8,751.0,0.6,1.0,0.096,0.027000000000000003,0.8,0.100331675,0.088716271,0.6306258322,0.64598025385,0.0620505992,0.07796014068,0.3267643142,0.417936694,0.2418109188,0.29015240330000003,0.2878828229,0.1359906213,0.07813822285,0.0825815406,0.333145275,0.3417765441,0.23469675600000003,0.24913254680000002,0.26939351199999995,0.2383761277,0.8474999999999999,,0.885,0.7075,0.8775,0.83,1.0,0.88,0.58,0.95,0.11499999999999999,0.065,,0.10500000000000001,0.2475,0.11,0.0,0.07,0.32,0.01,28622.0,65641.0,0.155,0.34099999999999997,0.107,0.594,0.207,0.027000000000000003,,,,,,0.06256015399422522,0.008662175168431183,0.0363007476766124,38.293849,-77.458718
46,GALAX CITY PBLC SCHS,1338,101.6,3,4,10332.66667,13.2,1338.0,334.5,191.1,669.0,0.33299999999999996,1.0,0.078,0.096,1.0,0.256338028,0.22766570600000002,0.37967115100000004,0.38397581259,0.0059790732400000005,0.0,0.06278026906,0.08523409364,0.3109118087,0.4477791116,0.5799701046,0.4261704682,0.005291005289999999,0.0,0.0582010582,0.09103078983,0.3204837491,0.390896921,0.5721844293,0.4672021419,0.8925000000000001,,,0.8674999999999999,0.91,0.91,,,0.84,0.96,0.045,,,0.027500000000000004,0.09,0.05,,,0.13,0.0,6517.0,33575.0,0.23800000000000002,0.201,0.145,0.7909999999999999,0.05,0.006,,,,,,0.07581227436823104,0.0421179302045728,0.12751265919901794,36.653633,-80.920604
47,GILES CO PBLC SCHS,2389,175.1,6,4,9929.8,13.6,2389.0,147.5,199.1,645.7,0.5,0.0,0.037000000000000005,0.019,0.8333333333333335,0.244897959,0.31981982,0.0275689223,0.03260869566,0.00125313283,0.0,0.01336675021,0.02280701754,0.01294903926,0.01842105263,0.9544695071,0.9385964912,0.00130434783,0.0,0.0147826087,0.02427637722,0.01652173913,0.01960784314,0.9486956522,0.9383753501,0.8975000000000001,,,,0.9025000000000001,0.91,,,,0.91,0.065,,,0.0625,,0.04,,,,0.04,16772.0,54520.0,0.102,0.04000000000000001,0.017,0.9490000000000001,0.022000000000000002,0.001,,,,,,0.03636363636363636,0.003305785123966942,0.0360720248032435,37.3309,-80.7437
48,GLOUCESTER CO PBLC SCHS,5306,376.7,9,1,10990.125,14.1,1326.5,108.3,160.8,312.1,0.556,0.0,0.03,0.0,0.8888888888888888,0.350413223,0.38393645200000004,0.12325669053999999,0.12846946867,0.0045231813,0.0,0.06181681116,0.1061860692,0.056916698079999994,0.072576717,0.8036185450000001,0.7291768143999999,0.005551149879999999,0.0,0.06126090404,0.1032227931,0.06165741475,0.07800093414,0.7959952418999999,0.7262961233,0.9175000000000001,,0.8825000000000001,0.9450000000000001,0.9225,0.93,,1.0,0.91,0.93,0.04,0.055,,0.037500000000000006,0.037500000000000006,0.03,,0.0,0.04,0.03,37222.0,70537.0,0.08800000000000001,0.131,0.036000000000000004,0.8490000000000001,0.08800000000000001,0.006999999999999999,,,,,,0.03625730994152047,0.008187134502923977,0.02297028638976949,37.37879,-76.50746099999999
49,GOOCHLAND CO PBLC SCHS,2619,205.5,5,1,12015.2,12.7,1190.5,80.8,174.6,323.3,0.2,1.0,0.064,0.032,1.0,0.19296577899999998,0.19557195600000002,0.22336769759999997,0.23044151818,0.0126002291,0.0,0.1363115693,0.2943786982,0.0744558992,0.1612426036,0.7285223368,0.4674556213,0.01278079009,0.0,0.1394268009,0.2924528302,0.07823392719,0.143081761,0.7157242448,0.4716981132,0.9575,,0.9750000000000001,,0.96,0.98,,0.98,0.85,1.0,0.0275,0.0125,,0.025,,0.01,,0.03,0.15,0.0,22865.0,93994.0,0.052000000000000005,0.2,0.027999999999999997,0.777,0.159,0.013000000000000001,,,,,,0.05555555555555555,0.011437908496732025,0.026765799256505577,37.6826,-77.8852
50,GRAYSON CO PBLC SCHS,1556,122.5,7,1,11508.16667,12.7,1556.0,66.2,251.0,239.4,0.5710000000000001,1.0,0.09699999999999999,0.057,0.8571428571428571,0.315934066,0.37168141600000004,0.11053984576,0.10810810811000002,0.00064267352,0.0,0.03020565553,0.04715969989,0.07969151671000001,0.11575562699999999,0.8759640102999999,0.8242229367999999,0.0006591957799999999,0.0,0.032300593280000005,0.0472972973,0.07514831905000001,0.1036036036,0.8800263678,0.8367117116999999,0.9400000000000001,,,,0.9375,0.99,,,,0.99,0.037500000000000006,,,0.037500000000000006,,0.0,,,,0.0,15742.0,36544.0,0.209,0.092,0.034,0.897,0.055,0.003,,,,,,0.06582278481012659,0.030379746835443037,0.050184220556473126,36.62106,-81.148641
51,GREENE CO PBLC SCHS,2976,188.5,7,4,11089.8,15.8,992.0,82.9,198.4,372.0,0.28600000000000003,1.0,0.04,0.062,0.7142857142857143,0.263529412,0.294193548,0.18918010755,0.20696721312,0.0184811828,0.01883701884,0.06586021505,0.09746109746,0.1048387097,0.1556101556,0.71875,0.6068796069,0.019808743169999997,0.01869158879,0.07342896175,0.09849029475,0.1137295082,0.1560028756,0.7011612022,0.6053199137,0.9375,,0.9225000000000001,0.8424999999999999,0.95,0.94,,0.77,0.91,0.95,0.0275,0.05,,0.0225,0.0425,0.04,,0.15,0.09,0.03,19519.0,67398.0,0.064,0.128,0.059000000000000004,0.826,0.052000000000000005,0.017,,,,,,0.049723756906077346,0.007366482504604052,0.027819048106972694,38.2968,-78.4411
52,GREENSVILLE CO PBLC SCHS,2223,188.8,4,4,11545.75,11.8,2223.0,741.0,185.2,300.4,0.5,0.5,0.067,0.129,1.0,0.40821917799999996,0.559105431,0.7993702203999999,0.81890500702,0.01574448943,0.00995732575,0.7332433648,0.8236130867999999,0.05038236617,0.049786628730000004,0.1772379667,0.08819345661,0.01871782873,0.01748704663,0.7416939634999999,0.810880829,0.05849321479,0.05699481865,0.1567618156,0.08873056995,0.8625,,0.85,,0.9049999999999999,0.94,,0.94,,0.98,0.0825,0.09,,0.05500000000000001,,0.05,,0.06,,0.0,11525.0,50300.0,0.153,0.6130000000000001,0.025,0.364,0.5870000000000001,0.001,,,,,,0.042033235581622676,0.015640273704789834,0.08876355748373102,36.699259999999995,-77.536518
53,HALIFAX CO PBLC SCHS,4896,421.7,11,4,11586.11111,11.6,2448.0,116.0,202.3,604.4,0.636,1.0,0.048,0.10099999999999999,0.8181818181818182,0.216010165,0.25170068,0.46119281045,0.46194841187,0.009599673199999999,0.0036429872499999997,0.4152369281,0.5453551913,0.03635620915,0.04007285974,0.4987745098,0.3613843352,0.00916648902,0.0041000410000000004,0.41185248350000003,0.553095531,0.04092943935,0.0397703977,0.4966958005,0.3546535465,0.93,,0.9125,0.855,0.9525,0.93,,0.92,0.86,0.94,0.0425,0.0525,,0.027499999999999997,0.145,0.04,,0.04,0.07,0.03,34552.0,42669.0,0.139,0.37500000000000006,0.021,0.597,0.34600000000000003,0.008,,,,,,0.024539877300613498,0.03155127081507449,0.033022690437601296,36.768055,-78.923582
54,HAMPTON CITY PBLC SCHS,19589,1378.5,33,2,10910.62069,14.2,2880.7,102.6,175.5,495.9,0.424,1.0,0.077,0.011000000000000001,0.8787878787878788,0.30091417,0.353549089,0.6776416538999999,0.68879063715,0.01766207249,0.01398446171,0.5911179173,0.6693673696000001,0.06886166411,0.06625971142999999,0.2309851965,0.1586015538,0.016957087130000003,0.014824024480000001,0.602756827,0.6772188217,0.06907672302000001,0.06790359602000001,0.217373212,0.149579189,0.92,0.97,0.92,0.9424999999999999,0.9,0.96,1.0,0.96,0.98,0.96,0.02,0.025,0.015,0.015000000000000001,0.0,0.01,0.0,0.02,0.01,0.0,135041.0,56287.0,0.152,0.5740000000000001,0.057999999999999996,0.382,0.49200000000000005,0.024,"55,633",0.105,0.065,0.109,0.141,0.045013850415512466,0.0110803324099723,0.0320791463333358,37.0251,-76.3478
55,HANOVER CO PBLC SCHS,17541,1153.5,25,3,10507.28571,15.2,1754.1,92.5,171.3,565.8,0.08,1.0,0.024,0.026000000000000002,0.92,0.278358651,0.295261742,0.17171198905,0.18106422907,0.02166353116,0.023978468309999997,0.09349523972,0.2021042329,0.05655321817000001,0.1333496452,0.7757824525,0.5610472229,0.023609177309999996,0.02936416185,0.09498153641,0.1935260116,0.06247351535,0.136416185,0.7656032447,0.5650867052,0.95,0.97,0.935,0.85,0.9575,0.96,0.93,0.96,0.91,0.96,0.0275,0.0425,0.03,0.02,0.115,0.02,0.04,0.01,0.07,0.02,105537.0,89390.0,0.053,0.134,0.03,0.838,0.08900000000000001,0.015,"39,521",0.076,0.07400000000000001,0.125,0.14300000000000002,0.051201671891327065,0.018808777429467086,0.03627163933028227,37.7683,-77.4749
56,HARRISONBURG CITY PBLC SCHS,6611,482.1,10,2,12046.66667,13.7,1322.2,149.2,194.4,413.2,0.6,1.0,0.124,0.04,0.9,0.296129032,0.285121107,0.62845909576,0.6384449907599999,0.02812641766,0.01959444065,0.10086193859999999,0.1187058555,0.4994707395,0.5939849624,0.3296537124,0.22920938710000002,0.025046097110000002,0.01958074176,0.09895513215,0.11794517389999999,0.5144437614999999,0.5968670813,0.3166871543,0.2246026261,0.8825000000000001,0.9724999999999999,0.9075,0.8275000000000001,0.935,0.88,1.0,0.92,0.82,0.94,0.08249999999999999,0.05,0.0,0.045000000000000005,0.14250000000000002,0.09,0.0,0.02,0.16,0.03,53273.0,46679.0,0.28300000000000003,0.3,0.19699999999999998,0.6609999999999999,0.065,0.038,,,,,,0.029425182481751824,0.010036496350364963,0.08229309406265838,38.450096,-78.868542
57,HENRICO CO PBLC SCHS,51786,3030.6,81,3,9805.283582,17.1,1618.3,82.9,186.8,398.4,0.259,1.0,0.026000000000000002,0.004,0.8271604938271605,0.33286081300000003,0.338446088,0.583149886,0.596820147,0.118236589,0.06431701456,0.35837871239999997,0.5353154596,0.1065345846,0.1690147482,0.3666048739,0.18197238840000002,0.1251220338,0.06467334036,0.36118029129999996,0.5437741482,0.11051782190000001,0.1615735862,0.3505210097,0.18177028450000002,0.9125000000000001,0.9524999999999999,0.9025000000000001,0.7775000000000001,0.94,0.91,0.98,0.89,0.72,0.95,0.06,0.07,0.035,0.0375,0.19,0.07,0.02,0.07,0.26,0.03,327535.0,70307.0,0.091,0.434,0.055999999999999994,0.531,0.295,0.083,"130,591",0.07200000000000001,0.07400000000000001,0.078,0.136,0.05528086244629975,0.02374969603631353,0.037666203611827744,37.5416,-77.3823
58,HENRY CO PBLC SCHS,7381,475.2,13,1,9566.692308,15.5,1845.2,277.5,182.7,388.5,0.6920000000000001,1.0,0.037000000000000005,0.019,1.0,0.309994353,0.32754342399999997,0.36851375152,0.37798036462,0.00352255792,0.00399254725,0.2148760331,0.2294383817,0.1501151605,0.18818206020000003,0.5571060832,0.4961405377,0.00392706872,0.0037435657500000004,0.2208976157,0.247543285,0.1531556802,0.1848385587,0.5419354839,0.4766027141,0.89,,0.895,0.92,0.885,0.9,,0.94,0.93,0.9,0.0675,0.075,,0.0675,0.0575,0.05,,0.03,0.05,0.06,51308.0,37952.0,0.18100000000000002,0.28300000000000003,0.055,0.698,0.222,0.006,,,,,,0.08191126279863481,0.020098596890405763,0.05139549388009667,36.741351,-79.89338199999999
59,HIGHLAND CO PBLC SCHS,218,22.8,2,1,18850.5,9.5,,87.2,,109.0,1.0,0.0,0.067,0.4,1.0,0.347826087,0.45,,,,,,,0.00917431193,0.0,0.9724770642,1.0,,,,,0.010869565219999999,0.0,0.9673913043,1.0,0.955,,,,0.955,1.0,,,,1.0,0.03,,,0.03,,0.0,,,,0.0,2204.0,48587.0,0.10099999999999999,0.0,0.0,0.993,0.0,0.0,,,,,,0.0,0.0,0.02586206896551724,38.4072,-79.5792
60,HOPEWELL CITY PBLC SCHS,4283,318.9,7,3,11959.2,13.4,4283.0,121.7,194.7,382.4,0.5710000000000001,1.0,0.073,0.073,0.7142857142857143,0.410891089,0.487847222,0.73639971981,0.74210278168,0.010273173009999999,0.00958627649,0.6149894933,0.6659939455,0.1111370535,0.09334006053999999,0.2421200093,0.21745711399999998,0.009429514379999998,0.00956399437,0.6185761433,0.6267229255,0.11409712400000002,0.1108298172,0.2289014616,0.2267229255,0.8674999999999999,,0.87,0.8775,0.8725,0.8,,0.78,0.86,0.84,0.0925,0.09,,0.0925,0.07,0.07,,0.05,0.14,0.08,22456.0,39030.0,0.23600000000000002,0.515,0.079,0.465,0.42200000000000004,0.013999999999999999,,,,,,0.07474518686296716,0.011325028312570781,0.039321339508371925,37.30057,-77.296766
61,ISLE OF WIGHT CO PBLC SCHS,5630,370.0,9,1,10453.444440000001,15.2,2815.0,93.1,165.6,552.0,0.33299999999999996,1.0,0.040999999999999995,0.044000000000000004,1.0,0.271784232,0.317614424,0.30603907634000005,0.31597479615999996,0.01207815275,0.014917421419999998,0.24777975130000002,0.4453915823,0.04618117229,0.05594033031,0.626642984,0.4256792754,0.011119347659999999,0.01185536455,0.2529651594,0.4368701838,0.0518902891,0.04919976289,0.6113787991,0.43331357439999996,0.9400000000000001,,0.9175000000000001,0.9625,0.9475000000000001,0.93,,0.91,0.89,0.94,0.0325,0.05,,0.027500000000000004,0.0375,0.04,,0.05,0.11,0.03,36627.0,73991.0,0.105,0.262,0.031,0.7070000000000001,0.222,0.009000000000000001,,,,,,0.05200789993416721,0.019091507570770244,0.041472138040243536,36.974567,-76.648393
62,KING GEO CO PBLC SCHS,4518,282.4,5,4,9927.0,16.0,2259.0,142.1,204.4,868.8,0.6,0.0,0.032,0.073,1.0,0.346652268,0.34715025899999996,0.23904382472,0.24319292531,0.01084550686,0.0,0.1525011067,0.2908366534,0.07569721116,0.09030544489,0.6624612660000001,0.49867197879999997,0.01070514312,0.0,0.1549918548,0.2967332123,0.07749592739,0.08892921960000001,0.650919246,0.46823956440000003,0.945,,0.9400000000000001,0.975,0.9525,0.95,,0.89,1.0,0.96,0.0375,0.0375,,0.03,0.0125,0.03,,0.08,0.0,0.02,26229.0,94274.0,0.051,0.229,0.054000000000000006,0.7340000000000001,0.162,0.013000000000000001,,,,,,0.04619565217391304,0.01358695652173913,0.028060543673033664,38.2696,-77.1908
63,KING WILLIAM CO PBLC SCHS,2188,143.3,4,1,11267.5,15.3,2188.0,312.6,182.3,683.8,0.25,1.0,0.038,0.006,1.0,0.28270676699999997,0.268370607,0.19058500912000004,0.17987045337000002,0.00457038391,,0.15539305300000003,0.3258785942,0.03062157221,0.06230031949,0.75,0.5143769968,0.00398604883,,0.1429995017,0.29271708679999997,0.03288490284,0.058823529410000006,0.7538614848,0.5532212885,0.915,,0.9099999999999999,,0.92,0.91,,0.88,,0.92,0.065,0.0625,,0.0625,,0.05,,0.03,,0.05,16688.0,66987.0,0.084,0.199,0.026000000000000002,0.768,0.161,0.012,,,,,,0.05739514348785872,0.011037527593818985,0.027145254074784277,37.695374,-77.034736
64,KING AND QUEEN CO PBLC SCHS,833,56.5,3,1,13361.33333,14.7,1666.0,94.7,138.8,208.2,0.667,0.0,0.145,0.10099999999999999,1.0,0.234177215,0.26119403,0.37935174065,0.3382857143,0.01320528211,0.0,0.3121248499,0.3961813842,0.054021608639999996,0.05966587112000001,0.5270108043,0.4295942721,0.013714285710000001,0.0,0.2502857143,0.3287981859,0.07428571429,0.040816326529999995,0.5657142857,0.5011337868,0.8425,,,,0.7999999999999999,0.93,,1.0,,0.88,0.08,,,0.10500000000000001,,0.02,,0.0,,0.06,7042.0,63982.0,0.124,0.29400000000000004,0.032,0.662,0.262,0.0,,,,,,0.08771929824561403,0.011695906432748537,0.024282874183470606,37.669103,-76.876993
65,LANCASTER CO PBLC SCHS,1079,82.8,3,1,13176.0,13.0,1079.0,56.8,107.9,245.2,0.33299999999999996,1.0,0.07400000000000001,0.07400000000000001,1.0,0.28348909699999997,0.30897009999999997,0.5810936051799999,0.59072978308,0.01019462465,0.0,0.5625579239999999,0.7336377473,0.00834105653,0.0,0.3660797034,0.2100456621,0.009861932940000002,0.0,0.5719921105,0.7295690936,0.008875739640000001,0.0,0.3599605523,0.2184249629,0.875,,0.865,,0.87,0.91,,0.93,,0.88,0.0975,0.105,,0.10250000000000001,,0.06,,0.07,,0.08,10724.0,53711.0,0.098,0.322,0.006,0.675,0.308,0.008,,,,,,0.0436046511627907,0.005813953488372093,0.03207758299142111,37.6907,-76.4134
66,LEE CO PBLC SCHS,3192,262.9,11,1,11150.6,12.1,3192.0,99.8,133.0,336.0,0.727,1.0,0.051,0.086,0.9090909090909091,0.35977859799999995,0.369202226,0.02224310777,0.02263779528,0.00219298246,0.0,0.00595238095,0.0,0.01409774436,0.01147342995,0.9658521303000001,0.9788647343,0.00131233596,0.0,0.0062335958,0.0,0.01509186352,0.0120886501,0.9645669291,0.9771658831000001,0.8275,,,,0.8275,0.88,,,,0.87,0.10999999999999999,,,0.10999999999999999,,0.07,,,,0.08,23948.0,32888.0,0.255,0.062,0.02,0.929,0.039,0.003,,,,,,0.04065040650406504,0.01964769647696477,0.06163353933522633,36.690453000000005,-83.11238399999999
67,LEXINGTON CITY PBLC SCHS,503,38.1,2,4,10633.5,13.2,,201.2,125.8,5030.0,0.5,0.0,0.045,0.0,1.0,0.0,0.0,0.17097415507,0.17634408603,0.02982107356,,0.06560636183,0.18897637799999997,0.07554671967999999,0.1653543307,0.7912524851,0.6456692913000001,0.03225806452,0.0,0.06666666667,0.17355371899999997,0.07741935484,0.1570247934,0.7741935484,0.6694214876,,,,,,,,,,,,,,,,,,,,,7241.0,42632.0,0.27399999999999997,0.183,0.061,0.7909999999999999,0.087,0.035,,,,,,0.028523489932885907,0.006711409395973154,0.08230907333241265,37.78635,-79.43508100000001
68,LOUDOUN CO PBLC SCHS,83606,5995.1,94,3,15336.444440000001,13.9,1520.1,62.3,153.4,269.3,0.085,1.0,0.05,0.019,1.0,0.279609544,0.268212735,0.47572468516,0.49698102535,0.2277054317,0.1308806869,0.06826873816,0.1119193847,0.17975051530000002,0.5452268797,0.4614513958,0.1712479876,0.2435347213,0.139830999,0.07075837135,0.1128602848,0.1826879327,0.5265076976999999,0.4386551728,0.17774047920000002,0.9575,0.9875,0.96,0.8374999999999999,0.98,0.97,0.99,0.97,0.89,0.99,0.03,0.0175,0.005,0.01,0.13,0.02,0.0,0.02,0.1,0.0,395134.0,142299.0,0.034,0.394,0.136,0.561,0.073,0.185,"133,750",0.022000000000000002,0.018000000000000002,0.055,0.045,0.04601595031406592,0.011221681134871904,0.03585872134516392,39.0334,-77.5174
69,LOUISA CO PBLC SCHS,4987,366.1,6,1,11592.0,13.6,1108.2,74.5,216.8,412.1,0.667,1.0,0.05,0.013999999999999999,1.0,0.334555454,0.321428571,0.22017244837,0.2174959872,0.00741929015,0.0,0.1519951875,0.21994134899999998,0.060757970720000005,0.08504398827000001,0.6966111891,0.5814830331,0.007825040129999999,0.00515668386,0.1472712681,0.2161840539,0.062399678970000004,0.0856802856,0.6970304976,0.5791352638,0.925,,0.9424999999999999,,0.9225000000000001,0.94,,0.93,0.95,0.94,0.042499999999999996,0.02,,0.049999999999999996,,0.02,,0.03,0.0,0.03,36040.0,60975.0,0.11800000000000001,0.182,0.028999999999999998,0.78,0.147,0.006,,,,,,0.06430155210643015,0.009977827050997782,0.025027746947835737,38.021,-77.9227
70,LUNENBURG CO PBLC SCHS,1590,116.5,4,1,6476.5,13.7,,119.5,198.8,397.5,0.5,1.0,0.049,0.063,1.0,0.298050139,0.347181009,0.45220125784000004,0.44512946982,0.0012578616400000001,0.0,0.3283018868,0.4145129225,0.1226415094,0.17296222660000002,0.48993710690000003,0.34890656059999997,0.00123304562,0.0,0.30949445130000003,0.4047619048,0.1344019729,0.1478696742,0.4938347719,0.3784461153,0.8525,,0.835,,0.8600000000000001,0.86,,0.91,,0.87,0.09999999999999999,0.1025,,0.105,,0.08,,0.07,,0.06,12282.0,44303.0,0.16399999999999998,0.389,0.05,0.594,0.311,0.027999999999999997,,,,,,0.031609195402298854,0.011494252873563218,0.028334147532975085,36.966652,-78.15579
71,LYNCHBURG CITY PBLC SCHS,8197,600.6,18,2,11551.25,13.6,1639.4,341.5,185.9,236.2,0.611,1.0,0.062,0.046,0.8888888888888888,0.177121771,0.189802632,0.5739257100899999,0.5867353348,0.01699441612,0.015492666799999999,0.48701141049999996,0.6496591613,0.06991988347,0.06341664945,0.3261714008,0.16484197479999999,0.01708328099,0.01405709343,0.4985554579,0.6505190311,0.07109659591,0.061202422150000005,0.3135284512,0.1701989619,0.855,,0.8125,0.7074999999999999,0.9149999999999999,0.85,1.0,0.84,0.62,0.9,0.0875,0.10250000000000001,,0.06,0.26249999999999996,0.1,0.0,0.1,0.36,0.07,80569.0,46409.0,0.195,0.35,0.042,0.623,0.284,0.024,"28,950",0.11,0.035,0.20600000000000002,0.068,0.026792009400705055,0.01245593419506463,0.052811875535255494,37.4132,-79.1436
72,MADISON CO PBLC SCHS,1659,122.9,4,1,11548.0,13.5,1659.0,110.6,165.9,414.8,0.5,1.0,0.07,0.126,1.0,0.33890214799999996,0.275119617,0.11355735805,0.11923307369,0.00405561993,0.0,0.07821552723,0.1292134831,0.03128621089,0.04353932584,0.8093858633000001,0.7176966292,0.00059916117,,0.08028759735999999,0.1325,0.038346315160000005,0.04,0.8016776513,0.72375,0.945,,,,0.945,0.95,,0.81,,0.97,0.0175,,,0.02,,0.03,,0.19,,0.01,13170.0,57895.0,0.066,0.12,0.028999999999999998,0.846,0.083,0.008,,,,,,0.056856187290969896,0.013377926421404682,0.022703113135914957,38.3705,-78.2635
73,MANASSAS PARK CITY PBLC SCHS,3640,260.1,4,3,10193.5,14.0,3640.0,227.5,182.0,520.0,0.5,1.0,0.128,0.021,1.0,0.37980769200000003,0.437299035,0.7964844823,0.80942857145,0.05465531447,0.0283171521,0.07964844823,0.05299352751,0.6621807196,0.8025889968,0.1455644054,0.07524271845000001,0.05771428571000001,0.02903379343,0.08314285714,0.050928129460000006,0.6685714286,0.8119942884,0.1308571429,0.06377915278,0.8875000000000001,0.9750000000000001,0.94,0.8424999999999999,0.9400000000000001,0.85,1.0,0.97,0.8,0.94,0.0925,0.02,0.0125,0.04,0.14250000000000002,0.13,0.0,0.0,0.19,0.06,16986.0,88046.0,0.064,0.636,0.397,0.331,0.128,0.111,,,,,,0.06766917293233082,0.008592910848549946,0.05480984340044743,38.766726,-77.442257
74,MANASSAS CITY PBLC SCHS,7789,515.6,11,3,12782.11111,15.1,1112.7,239.7,165.7,268.6,0.455,1.0,0.055,0.054000000000000006,0.8181818181818182,0.18284347199999998,0.208888889,0.80613685966,0.8128039963400001,0.03338040827,0.018168947619999997,0.09667479778999999,0.09108069844,0.6760816536,0.7982538933,0.1395557838,0.05002359603999999,0.03575654003,0.02581369248,0.09412383331000002,0.09006734007,0.6829236230000001,0.7822671156,0.1326409886,0.06004489338,0.7875000000000001,0.9524999999999999,0.8075,0.71,0.9175,0.77,1.0,0.82,0.73,0.89,0.1275,0.08499999999999999,0.0375,0.025,0.19,0.18,0.0,0.11,0.23,0.04,41174.0,81493.0,0.08,0.5489999999999999,0.366,0.408,0.132,0.051,,,,,,0.05091790786283339,0.010391409767925183,0.07011706416670714,38.76571,-77.457701
75,MARTINSVILLE CITY PBLC SCHS,1930,139.1,5,4,12339.5,13.9,1930.0,57.6,158.2,306.3,0.6,1.0,0.035,0.046,0.8,0.18367346899999998,0.24,0.72953367875,0.7363104731299999,0.011917098450000002,0.01204819277,0.5803108808,0.6393574297,0.1373056995,0.1253012048,0.2051813472,0.1518072289,0.01169590643,0.0,0.5869218501,0.6345291479999999,0.1376927166,0.1390134529,0.19564061670000002,0.15769805679999999,0.875,,0.855,0.9675,0.8999999999999999,0.95,,0.96,0.94,0.88,0.0625,0.07,,0.06,0.0325,0.03,,0.01,0.06,0.08,12852.0,34371.0,0.239,0.512,0.057,0.44,0.445,0.01,,,,,,0.09580838323353294,0.02694610778443114,0.07796451914098973,36.6752,-79.8521
76,MATHEWS CO PBLC SCHS,1008,93.4,3,1,12239.66667,10.8,1008.0,129.2,157.5,234.4,0.33299999999999996,1.0,0.055999999999999994,0.019,1.0,0.234256927,0.178082192,0.11904761904,0.12339055793000002,0.00595238095,0.0,0.07738095237999999,0.13114754099999998,0.03571428571,0.05532786885,0.8214285714,0.7131147541,0.00429184549,0.0,0.08369098712000002,0.1344902386,0.03540772532,0.04989154013,0.8122317597,0.7223427332,0.9299999999999999,,,,0.935,0.95,,1.0,,0.95,0.04,,,0.037500000000000006,,0.03,,0.0,,0.03,8788.0,64237.0,0.114,0.11900000000000001,0.025,0.857,0.08800000000000001,0.006,,,,,,0.04838709677419355,0.012903225806451613,0.035275375512061904,37.435853,-76.32808299999999
77,MECKLENBURG CO PBLC SCHS,4199,339.6,9,1,12149.625,12.4,1399.7,276.2,161.5,1615.0,0.444,1.0,0.037000000000000005,0.066,0.8888888888888888,0.299382716,0.33720930200000004,0.47467300837000004,0.47153677012,0.0066587396,0.00494437577,0.4214030916,0.5591264936,0.04661117717,0.055212196129999995,0.47063020209999995,0.3147919242,0.00635230882,0.0,0.4163205473,0.5470685384,0.04886391400000001,0.054500412879999995,0.47349132670000005,0.3352601156,0.9075,,0.885,,0.9225,0.92,,0.93,0.92,0.89,0.0475,0.057499999999999996,,0.04,,0.05,,0.02,0.08,0.08,30728.0,43207.0,0.19,0.385,0.03,0.6,0.354,0.001,,,,,,0.05061349693251534,0.0299079754601227,0.04243686539963551,36.664666,-78.41212800000001
78,MIDDLESEX CO PBLC SCHS,1208,95.1,3,1,15358.5,12.7,6040.0,127.2,151.0,236.9,0.33299999999999996,1.0,0.018000000000000002,0.064,1.0,0.254545455,0.27184466,0.22764900659000004,0.22298456259000002,0.00248344371,0.0,0.173013245,0.23693379790000002,0.05215231788000001,0.057491289200000004,0.7019867550000001,0.6027874564,0.0017152658699999999,0.0,0.166380789,0.2389558233,0.05488850772,0.06425702811,0.7015437393,0.5923694779,0.9125000000000001,,0.9099999999999999,,0.9175,0.92,,0.93,,0.93,0.042499999999999996,0.042499999999999996,,0.04,,0.06,,0.07,,0.06,10675.0,57438.0,0.1,0.15200000000000002,0.012,0.775,0.139,0.001,,,,,,0.05818181818181818,0.04,0.02576112412177986,37.603628,-76.561787
79,MONTGOMERY CO PBLC SCHS,10016,758.4,21,2,10994.36842,13.2,2003.2,33.8,154.1,541.4,0.33299999999999996,1.0,0.040999999999999995,0.004,0.9047619047619048,0.180911297,0.208002192,0.14591170066,0.14746164143999999,0.03989309048,0.02270433905,0.04563452782,0.07971745711,0.06038408236000001,0.09788092836000001,0.8012274797000001,0.7381432896,0.0374832664,0.02096650473,0.04386777881000001,0.0741498338,0.06611059622999998,0.09946305293,0.7973432189999999,0.741498338,0.9450000000000001,1.0,0.905,0.8925,0.9524999999999999,0.94,1.0,0.87,0.81,0.96,0.0375,0.05,0.0,0.0375,0.1075,0.03,0.0,0.1,0.17,0.01,98140.0,57977.0,0.235,0.14200000000000002,0.032,0.833,0.044000000000000004,0.066,"36,244",0.096,0.046,0.102,0.084,0.0214203010420687,0.007333076032419915,0.05280211942123497,37.130865,-80.392412
80,NELSON CO PBLC SCHS,1695,135.2,4,1,13782.5,12.5,1695.0,99.7,141.2,413.4,0.5,0.0,0.025,0.006,1.0,0.291390728,0.354761905,0.22536873153,0.23558897248000005,0.00353982301,0.0,0.1356932153,0.1976620616,0.08613569322,0.1264612115,0.7185840708000001,0.6142401700000001,0.00313283208,0.0,0.1315789474,0.1869369369,0.10087719300000002,0.1306306306,0.7086466165,0.6204954955,0.905,,0.9475,,0.905,0.88,,0.9,0.8,0.9,0.05,0.03,,0.052500000000000005,,0.04,,0.05,0.1,0.02,14831.0,64313.0,0.13,0.17200000000000001,0.042,0.8109999999999999,0.128,0.002,,,,,,0.05459770114942529,0.011494252873563218,0.023464365181039715,37.75995,-78.86921099999999
81,NEW KENT CO PBLC SCHS,3354,214.4,4,1,9509.0,15.6,1677.0,33.9,167.7,335.4,0.5,1.0,0.045,0.004,1.0,0.282367448,0.280637255,0.16100178893,0.15953947368,0.00954084675,0.0,0.10017889090000001,0.1857335128,0.051282051280000004,0.09421265141000001,0.7710196779999999,0.6231493943,0.00822368421,0.0,0.09769736842,0.1730245232,0.053618421050000004,0.09400544959,0.7720394736999999,0.6280653951,0.9175,,0.9425,,0.91,0.93,,0.97,,0.93,0.037500000000000006,0.02,,0.0325,,0.02,,0.0,,0.02,21686.0,87904.0,0.069,0.164,0.033,0.789,0.12,0.011000000000000001,,,,,,0.030959752321981424,0.007739938080495356,0.029788803836576592,37.5172,-76.98
82,NEWPORT NEWS CITY PBLC SCHS,28650,1791.1,45,2,11056.31579,16.0,1790.6,276.8,183.4,286.2,0.4,1.0,0.11900000000000001,0.063,0.8444444444444444,0.363411109,0.370196604,0.7021113243499999,0.70945497461,0.02212528355,0.014323650119999998,0.5353690455,0.6791663314,0.1446169953,0.11684235940000001,0.2196824289,0.1211072664,0.022088649609999997,0.01579114932,0.5407109669,0.6486469277000001,0.1466553581,0.1432664756,0.2089018364,0.12250875519999999,0.935,0.985,0.9299999999999999,0.9225000000000001,0.94,0.94,0.98,0.94,0.89,0.96,0.02,0.025,0.0,0.01,0.045,0.02,0.0,0.02,0.07,0.0,179673.0,53215.0,0.153,0.522,0.09,0.429,0.4,0.032,"70,918",0.14300000000000002,0.063,0.166,0.139,0.034321111669177964,0.011551983927674536,0.033243726102419394,37.073190000000004,-76.494001
83,NORFOLK CITY PBLC SCHS,29837,2157.5,51,2,10441.511629999999,13.8,1297.3,121.1,174.5,426.9,0.647,1.0,0.084,0.042,0.8431372549019608,0.27931511600000003,0.305582198,0.71394577203,0.7207655159499999,0.02131581593,0.01466073886,0.5792807588,0.6942944849999999,0.1133491973,0.1020429766,0.21349331370000002,0.1265481105,0.020103738149999998,0.01353201348,0.5835092112,0.6959245998,0.1171525666,0.11078348780000001,0.2069397246,0.1175758214,0.8275,0.9749999999999999,0.7925,0.8200000000000001,0.9,0.87,0.99,0.86,0.76,0.93,0.09,0.1125,0.02,0.045,0.10500000000000001,0.08,0.0,0.08,0.22,0.04,244601.0,51590.0,0.187,0.52,0.08,0.434,0.405,0.035,"88,387",0.131,0.076,0.12300000000000001,0.17,0.06294496553282856,0.012091761780992203,0.036177284639065256,36.8468,-76.285
84,NORTHAMPTON CO PBLC SCHS,1520,126.8,5,1,11580.5,12.0,760.0,138.2,190.0,152.0,0.4,1.0,0.0,0.057999999999999996,0.8,0.272237197,0.3125,0.66250000001,0.65248226946,0.007236842109999999,0.008051529790000001,0.4342105263,0.4895330113,0.2210526316,0.2568438003,0.2993421053,0.21497584539999998,0.00921985816,0.0,0.4212765957,0.4737318841,0.2219858156,0.2635869565,0.30780141839999997,0.2273550725,0.8725,,0.85,0.91,0.8975,0.9,,0.87,0.84,1.0,0.0825,0.08750000000000001,,0.0675,0.09,0.07,,0.08,0.12,0.0,11885.0,47227.0,0.18,0.42900000000000005,0.08800000000000001,0.542,0.331,0.01,,,,,,0.12387387387387387,0.06981981981981981,0.03735801430374421,37.403791,-75.910427
85,NORTHUMBERLAND CO PBLC SCHS,1279,101.9,3,1,12959.0,12.6,1279.0,120.7,127.9,581.4,0.33299999999999996,1.0,0.017,0.017,1.0,0.252293578,0.257142857,0.49100860048,0.46824104237,0.0062548866299999995,0.0,0.4128225176,0.5532879819000001,0.07193119625,0.056689342399999995,0.47068021889999995,0.3287981859,0.00407166124,0.0,0.3900651466,0.5151515152,0.07410423453,0.08787878787999999,0.483713355,0.3363636364,0.9524999999999999,,0.98,,0.9375,0.97,,0.96,,0.98,0.034999999999999996,0.02,,0.045000000000000005,,0.03,,0.04,,0.02,12190.0,62632.0,0.146,0.28300000000000003,0.009000000000000001,0.6970000000000001,0.273,0.001,,,,,,0.053864168618266976,0.0234192037470726,0.035028712059064805,37.96394,-76.523781
86,NORTON CITY PBLC SCHS,818,53.8,2,4,8744.0,15.2,2726.7,282.1,204.5,371.8,0.5,0.0,0.098,0.115,1.0,0.257425743,0.290322581,0.08190709047,0.07549361208000001,0.0036674816600000006,0.0,0.056234718829999995,0.06595744681,0.02200488998,0.03191489362,0.8496332517999999,0.8021276596,0.00232288037,0.0,0.053426248550000006,0.06423982869,0.01974448316,0.02355460385,0.8583042973,0.8072805139,0.95,,,,0.9525,0.86,,,,0.86,0.030000000000000002,,,0.025,,0.0,,,,0.0,3970.0,29000.0,0.282,0.089,0.012,0.8859999999999999,0.031,0.046,,,,,,0.05917159763313609,0.005917159763313609,0.04256926952141058,36.933,-82.6338
87,NOTTOWAY CO PBLC SCHS,1990,148.2,5,1,10145.0,13.4,,52.5,165.8,1809.1,0.8,0.75,0.084,0.10099999999999999,1.0,0.290178571,0.269473684,0.5226130652900001,0.53354632589,0.006030150749999999,0.0,0.4266331658,0.5381604697,0.08994974874,0.12133072410000001,0.4190954774,0.2729941292,0.005857294989999999,0.0,0.4323748669,0.5052724077,0.095314164,0.1212653779,0.4041533546,0.2891036907,0.88,,0.8625,,0.8949999999999999,0.9,,0.91,,0.94,0.1,0.11,,0.0825,,0.09,,0.06,,0.06,15433.0,45535.0,0.183,0.448,0.044000000000000004,0.5429999999999999,0.401,0.003,,,,,,0.057441253263707574,0.020887728459530026,0.0744508520702391,37.154036,-78.09909300000001
88,ORANGE CO PBLC SCHS,5089,362.2,11,4,10469.77778,14.1,1696.3,181.8,159.0,1454.0,0.364,1.0,0.012,0.079,0.8181818181818182,0.331925676,0.26904761899999996,0.23841319715,0.24923578566,0.00883739199,0.0078878177,0.1305970149,0.19500438209999998,0.09897879026,0.1275197195,0.6606441477,0.5420683611,0.00957815366,0.00685871056,0.1320562462,0.1915866484,0.10760138579999999,0.1321444902,0.6486651722000001,0.5486968449999999,0.9375,,0.9424999999999999,0.9675,0.94,0.95,,0.96,0.91,0.96,0.035,0.025,,0.035,0.0325,0.02,,0.0,0.07,0.01,36010.0,71548.0,0.08199999999999999,0.186,0.05,0.7809999999999999,0.127,0.009000000000000001,,,,,,0.046610169491525424,0.013771186440677966,0.026214940294362676,38.239135,-78.120125
89,PAGE CO PBLC SCHS,3352,233.1,9,1,9715.25,14.4,1117.3,101.0,167.6,360.4,0.444,1.0,0.068,0.04,0.8888888888888888,0.372163389,0.40029985,0.06589147287,0.05913476502,0.00387596899,0.0,0.02206320811,0.03458737864,0.03995229577,0.04975728155,0.9051878354,0.8834951456,0.00342359166,0.0,0.01929660753,0.02619589977,0.03641456583,0.046127562639999994,0.9125427949,0.895785877,0.9775,,,,0.9775,0.99,,,0.93,0.99,0.0075,,,0.0075,,0.0,,,0.07,0.0,23788.0,51792.0,0.151,0.038,0.02,0.941,0.013999999999999999,0.004,,,,,,0.07017543859649122,0.03216374269005848,0.04313099041533546,38.6632,-78.475521
90,PATRICK CO PBLC SCHS,2558,181.0,7,1,10080.71429,14.1,2558.0,196.8,213.2,511.6,0.857,1.0,0.037000000000000005,0.06,1.0,0.261450382,0.354,0.16067240032000002,0.15693285657,0.00938232995,0.0,0.07114933542,0.09972299169,0.08014073495,0.08494921513999999,0.7826426895999999,0.7497691596999999,0.00834326579,0.0,0.06436233611,0.06506849315,0.08422725467000002,0.08647260274,0.7882399682000001,0.7936643836,0.93,,,,0.9375,0.93,,1.0,0.8,0.94,0.045000000000000005,,,0.0425,,0.02,,0.0,0.07,0.02,17748.0,43073.0,0.142,0.094,0.031,0.897,0.059000000000000004,0.004,,,,,,0.09542483660130718,0.036601307189542485,0.04310344827586207,36.64266,-80.27107099999999
91,PETERSBURG CITY PBLC SCHS,4209,308.2,7,3,11425.0,13.7,4209.0,103.9,210.4,601.3,0.7140000000000001,1.0,0.11,0.10400000000000001,0.8571428571428571,0.27442371,0.246022032,0.95939206842,0.96118665021,0.00522441225,0.0034321372899999997,0.888862503,0.9148205928,0.06530515317,0.054914196570000004,0.02635953455,0.01965678627,0.00469715698,0.0,0.8875154512000001,0.9078986587,0.06897404203,0.05692995529,0.02620519159,0.02563338301,0.8275,,0.8325,,,0.87,,0.89,0.6,0.64,0.065,0.0625,,,,0.07,,0.06,0.2,0.09,31362.0,38679.0,0.24100000000000002,0.8210000000000001,0.049,0.151,0.763,0.009000000000000001,,,,,,0.07340720221606649,0.022853185595567867,0.04604298195268159,37.205999999999996,-77.3817
92,PITTSYLVANIA CO PBLC SCHS,8723,633.2,20,1,10162.055559999999,13.8,2180.8,234.5,140.7,541.8,0.6,1.0,0.033,0.017,0.9,0.327352085,0.36227224,0.28797432081,0.28990624621,0.00458557836,0.0035302861399999995,0.2338644962,0.2991452991,0.04952424625,0.07134894091,0.6841682907000001,0.5938312895,0.00535736028,0.0034572169399999996,0.234140996,0.2968885048,0.050407889930000005,0.07065687122000001,0.6801412394999999,0.5965859983,0.9175000000000001,,0.9175,0.875,0.92,0.89,,0.92,0.86,0.89,0.0675,0.06,,0.0675,0.09,0.1,,0.08,0.14,0.11,61256.0,47690.0,0.161,0.23,0.026000000000000002,0.741,0.2,0.004,,,,,,0.05021080873898045,0.014181678804139517,0.04259174611466632,36.826552,-79.396332
93,POQUOSON CITY PBLC SCHS,2114,144.9,4,3,10144.25,14.6,1057.0,63.9,151.0,302.0,0.25,0.0,0.04,0.017,1.0,0.270318021,0.309734513,0.05942910622,0.07033492823000001,0.01263453439,0.0,0.00935891437,0.0,0.03743565746,0.05070422534999999,0.9059429106,0.8985915493000001,0.013875598090000002,0.0,0.015311004780000002,0.03225806452,0.04114832536000001,0.03494623656,0.8870813397,0.8844086022000001,0.9375,,,,0.945,0.95,,,,0.96,0.0225,,,0.0225,,0.01,,,,0.01,12090.0,97118.0,0.055999999999999994,0.064,0.027999999999999997,0.914,0.011000000000000001,0.025,,,,,,0.04477611940298507,0.008955223880597015,0.027708850289495452,37.12317,-76.39698100000001
94,PORTSMOUTH CITY PBLC SCHS,13991,940.1,24,2,10981.84211,14.9,1399.1,124.0,199.9,329.2,0.5,1.0,0.068,0.048,0.7916666666666665,0.322014925,0.385547201,0.76877992994,0.7755132511899999,0.00793367165,0.00608705639,0.7231791866,0.8026874928,0.03766707169,0.028827380269999998,0.18283182050000002,0.12139657749999999,0.007017543859999999,0.00493189291,0.7268383724999999,0.8065993424,0.041657334830000003,0.03240958196,0.1746920493,0.1126115547,0.8675,,0.8675,0.9375,0.8324999999999999,0.9,0.82,0.9,0.92,0.89,0.07250000000000001,0.07500000000000001,,0.085,0.0325,0.06,0.18,0.06,0.03,0.05,95097.0,52175.0,0.168,0.581,0.045,0.377,0.522,0.013999999999999999,"36,089",0.132,0.07,0.32,0.122,0.09515379508740872,0.01726045585306484,0.04751990073293585,36.8328,-76.2977
95,POWHATAN CO PBLC SCHS,4346,318.1,6,1,10891.8,13.7,1448.7,141.6,182.6,543.2,0.5,0.0,0.085,0.0,0.8333333333333335,0.301953819,0.33558341399999997,0.0968778696,0.10018993353,0.00505050505,0.0,0.051882460969999995,0.1201232033,0.03994490358,0.07186858316,0.8581267218,0.7248459959,0.0045109211799999995,0.0,0.051044634379999995,0.1069418386,0.04463437797,0.07504690432,0.8525641025999999,0.7420262664,0.9400000000000001,,0.9275,,0.945,0.95,,1.0,,0.95,0.024999999999999998,0.05,,0.02,,0.02,,0.0,,0.02,28815.0,89090.0,0.054000000000000006,0.125,0.022000000000000002,0.857,0.1,0.003,,,,,,0.03930635838150289,0.006936416184971098,0.03001908728093007,37.54598,-77.91957099999999
96,PRINCE EDWARD CO PBLC SCHS,2055,162.7,4,4,10222.33333,12.6,,336.9,186.8,685.0,0.5,1.0,0.147,0.059000000000000004,0.75,0.18358209,0.217585693,0.5964997568799999,0.61364802463,0.014098201259999998,0.013901760890000002,0.5439961108,0.6376274328,0.038405444819999995,0.03707136237,0.3626640739,0.2789620019,0.01487942535,0.0,0.5566957414,0.6955974843,0.04207285788,0.02641509434,0.34735761930000003,0.2540880503,0.895,,0.8975000000000001,,0.9025,0.86,,0.88,,0.83,0.0625,0.0625,,0.055,,0.1,,0.07,,0.12,22905.0,47202.0,0.18600000000000003,0.358,0.042,0.614,0.308,0.008,,,,,,0.04801477377654663,0.01569713758079409,0.0472822527832351,37.264691,-78.40208100000001
97,PRINCE GEORGE CO PBLC SCHS,6353,424.2,7,1,9935.142856999999,15.0,2117.7,635.3,207.6,226.9,0.7140000000000001,0.0,0.069,0.036000000000000004,1.0,0.400544959,0.38731707299999996,0.45380135365,0.46040334482999995,0.01054619865,0.00911546253,0.2982842751,0.3835246455,0.14497087990000002,0.185347738,0.4682827011,0.3443619176,0.01065748483,0.008555445870000001,0.31005082799999995,0.4021059559,0.139695032,0.1635406384,0.4585997705,0.34616650210000005,0.9075,,0.8975,0.935,0.9075,0.93,,0.92,0.91,0.93,0.0425,0.052500000000000005,,0.04,0.0375,0.05,,0.06,0.08,0.03,38114.0,71912.0,0.081,0.405,0.081,0.5489999999999999,0.31,0.013999999999999999,,,,,,0.01912568306010929,0.004371584699453552,0.048013853177310176,37.224000000000004,-77.2869
98,PRINCE WILLIAM CO PBLC SCHS,92237,5696.9,95,3,11049.965909999999,16.2,1787.5,159.9,166.8,446.0,0.326,0.968,0.055999999999999994,0.026000000000000002,0.9789473684210528,0.339092664,0.316131445,0.646450634,0.65701016997,0.0915140349,0.08684012164,0.20081283190000002,0.22483299980000002,0.3541237672,0.5546487147,0.2920450851,0.09593741065,0.09666543866999999,0.09765899446000001,0.2030320283,0.2265407638,0.357312703,0.5355085293999999,0.28006072989999997,0.1011157013,0.92,0.9775,0.935,0.8474999999999999,0.96,0.93,0.98,0.96,0.86,0.97,0.06,0.04,0.015,0.02,0.13,0.05,0.02,0.03,0.12,0.01,461423.0,107132.0,0.066,0.521,0.235,0.429,0.203,0.083,"143,508",0.055999999999999994,0.019,0.06,0.040999999999999995,0.047885888945491596,0.010188487009679063,0.0553050021347007,38.6357,-77.4374
99,PULASKI CO PBLC SCHS,4096,269.4,9,1,10868.28571,15.2,2048.0,178.9,204.8,259.2,0.444,1.0,0.162,0.045,0.8888888888888888,0.23083941600000002,0.25623800399999996,0.09472656251,0.09775561097999999,0.0075683593799999995,0.007825600890000001,0.05053710938,0.08105086640999999,0.03662109375,0.04639463387,0.8332519531,0.7652319731999999,0.00773067332,0.00741163056,0.05211970075,0.08038768529000001,0.03790523691,0.04161915621,0.8261845387,0.7622576967000001,0.935,,0.9550000000000001,,0.93,0.94,,0.9,,0.95,0.035,0.0175,,0.0325,,0.04,,0.05,,0.03,34182.0,53866.0,0.14800000000000002,0.068,0.018000000000000002,0.9079999999999999,0.043,0.006999999999999999,,,,,,0.047936085219707054,0.02130492676431425,0.04394125563161898,37.0479,-80.7799
100,RADFORD CITY PBLC SCHS,1642,117.1,4,3,10239.0,14.0,1094.7,82.1,164.2,547.3,0.5,0.0,0.045,0.013000000000000001,1.0,0.173184358,0.165963432,0.16808769792,0.23492063491,0.00730816078,0.0,0.1053593179,0.1852760736,0.05542021924,0.07852760736,0.7466504263,0.6245398773,0.02063492063,0.01869158879,0.1365079365,0.2107995846,0.07777777778,0.08203530633,0.6801587302000001,0.5773624091,0.96,,,,0.9575,0.97,,1.0,,0.98,0.030000000000000002,,,0.035,,0.02,,0.0,,0.01,17691.0,36297.0,0.363,0.14300000000000002,0.028999999999999998,0.833,0.098,0.016,,,,,,0.019372077488309953,0.004676018704074816,0.08461929794810921,37.118809999999996,-80.565671
101,RAPPAHANNOCK CO PBLC SCHS,791,64.2,2,1,15226.5,12.3,791.0,164.8,158.2,219.7,0.5,0.0,0.052000000000000005,0.013000000000000001,1.0,0.21739130399999998,0.207017544,0.09228824273,0.09268929504,0.0012642225000000001,,0.020227560050000003,0.0350877193,0.07079646017999999,0.1333333333,0.8394437421000001,0.7052631578999999,0.00130548303,0.0,0.014360313319999998,0.0,0.07702349869,0.1143911439,0.8342036554000001,0.7601476015,0.9375,,,,0.9324999999999999,0.96,,,,1.0,0.0175,,,0.0125,,0.02,,,,0.0,7378.0,74284.0,0.08800000000000001,0.089,0.039,0.884,0.045,0.005,,,,,,0.06134969325153374,0.012269938650306749,0.02209270805096232,38.690329,-78.177741
102,RICHMOND CO PBLC SCHS,1301,89.3,3,1,10340.5,14.6,1301.0,147.8,216.8,394.2,0.33299999999999996,1.0,0.047,0.038,0.6666666666666665,0.236842105,0.240437158,0.36740968484000003,0.35681470142000005,0.0038431975399999996,0.0,0.23981552650000001,0.43886462880000005,0.1237509608,0.192139738,0.5841660261,0.3165938865,0.0038284839200000004,0.0,0.2228177642,0.3674176776,0.13016845330000001,0.1819757366,0.5865237366,0.38821490470000003,0.9524999999999999,,0.9275,,0.9649999999999999,1.0,,1.0,,1.0,0.0325,0.0625,,0.0225,,0.0,,0.0,,0.0,8884.0,49517.0,0.17300000000000001,0.339,0.071,0.606,0.265,0.003,,,,,,0.025893958076448828,0.007398273736128237,0.09128770823953174,37.948039,-76.748041
103,RICHMOND CITY PBLC SCHS,25211,1483.8,54,2,16323.585369999999,17.0,1260.5,192.5,206.6,315.1,0.63,1.0,0.16399999999999998,0.059000000000000004,0.8148148148148148,0.204231666,0.25400192899999996,0.8332143423399999,0.75465882521,0.01142313184,0.007142857140000001,0.6289068697,0.7963924964,0.19288434079999997,0.1520923521,0.14203553859999998,0.029942279939999997,0.01555303621,0.00894808743,0.5540636293,0.7532103825,0.18504215970000001,0.1295765027,0.209664848,0.08333333332999998,0.76,,0.795,0.4425,0.8675,0.72,,0.81,0.33,0.86,0.18,0.135,,0.0925,0.5199999999999999,0.23,,0.12,0.65,0.12,226622.0,47250.0,0.23199999999999998,0.556,0.069,0.408,0.466,0.021,"89,878",0.129,0.094,0.131,0.179,0.0608211399868967,0.010264249836208779,0.040410904501769464,37.5413,-77.4333
104,ROANOKE CO PBLC SCHS,13999,1020.6,28,3,10370.61538,13.7,1749.9,444.4,194.4,538.4,0.214,1.0,0.036000000000000004,0.001,0.9285714285714286,0.253646308,0.255339806,0.18108436315999998,0.19069529653,0.04364597471000001,0.04634936457,0.07271947996,0.1275853476,0.06471890848999999,0.1186145029,0.7664833202,0.6349364565,0.04382120947,0.04303332459,0.07639497517,0.1296247704,0.07047911189,0.11466806610000001,0.7533596261,0.6360535293,0.9450000000000001,0.9775,0.9075,0.9325,0.9450000000000001,0.95,1.0,0.89,0.84,0.96,0.0375,0.05499999999999999,0.0175,0.0375,0.05,0.03,0.0,0.07,0.16,0.02,93823.0,68948.0,0.069,0.121,0.031,0.858,0.059000000000000004,0.031,"37,506",0.07,0.083,0.094,0.129,0.02112676056338028,0.014511310285958173,0.04994510940814086,37.3214,-80.0222
105,ROANOKE CITY PBLC SCHS,14039,899.9,26,2,12768.04167,15.6,1613.7,138.6,167.3,245.9,0.731,1.0,0.10300000000000001,0.008,0.923076923076923,0.279928315,0.292809489,0.60652003699,0.61938790239,0.03181721119,0.036295369210000004,0.42451420030000003,0.5252816020000001,0.1501886255,0.1352941176,0.3367499466,0.2419274093,0.031831961889999996,0.038264988160000006,0.4296953948,0.5142714695,0.1578605457,0.1494453446,0.3220730475,0.2373177116,0.8925,0.9175,0.88,0.9299999999999999,0.8975000000000001,0.88,0.94,0.9,0.75,0.9,0.09000000000000001,0.10500000000000001,0.04750000000000001,0.09,0.0575,0.11,0.06,0.09,0.24,0.09,99229.0,44230.0,0.20800000000000002,0.373,0.063,0.585,0.281,0.028999999999999998,"40,810",0.195,0.128,0.092,0.215,0.02750190985485103,0.018907563025210083,0.052766832276854546,37.2834,-79.9401
106,ROCKBRIDGE CO PBLC SCHS,2819,217.2,6,4,12332.0,13.0,939.7,71.9,165.8,254.0,0.667,1.0,0.033,0.011000000000000001,1.0,0.36767317899999996,0.43413729100000004,0.08903866619,0.08742161563,0.007449450159999999,0.0,0.03760198652,0.05479452055,0.043987229509999996,0.06438356164,0.8620078042,0.8198630137,0.0073773515299999995,0.0,0.03467355219,0.0539452496,0.04537071191,0.06682769726,0.8616746587999999,0.8148148148,0.91,,,,0.9075,0.9,,,0.87,0.91,0.0675,,,0.07,,0.06,,,0.13,0.05,22570.0,54600.0,0.142,0.059,0.019,0.922,0.033,0.006999999999999999,,,,,,0.035058430717863104,0.01001669449081803,0.026539654408506867,37.76206,-79.552341
107,ROCKINGHAM CO PBLC SCHS,11911,787.0,23,1,11325.17391,15.1,1985.2,135.4,165.9,145.6,0.478,1.0,0.038,0.013000000000000001,1.0,0.39179265700000004,0.37855178700000003,0.19072769955000002,0.19966531616,0.013162307179999999,0.01174250367,0.01869550637,0.028517508910000003,0.15886988600000002,0.2996435311,0.7635814889,0.6076745649,0.014532323409999999,0.01296518607,0.01981680465,0.030732292919999998,0.1653161881,0.293877551,0.7492513651999999,0.5985594238,0.9425,,0.92,0.9025000000000001,0.9524999999999999,0.94,1.0,0.95,0.88,0.96,0.0425,0.07,,0.037500000000000006,0.0875,0.03,0.0,0.0,0.11,0.02,80284.0,61864.0,0.08800000000000001,0.099,0.069,0.887,0.023,0.006999999999999999,"30,462",0.099,0.10099999999999999,0.175,0.183,0.05766777239091605,0.012248022454707833,0.04881420955607593,38.466,-78.8544
108,RUSSELL CO PBLC SCHS,3715,267.0,13,1,9910.909091,13.9,3715.0,275.2,142.9,206.4,0.615,0.75,0.062,0.015,0.8461538461538461,0.302325581,0.305895439,0.018304172270000002,0.018862612609999996,0.0018842530300000001,0.0,0.00619111709,0.00650195059,0.01022880215,0.01473775466,0.9738896366,0.9731252709,0.00084459459,0.0,0.006756756759999999,0.00808368997,0.011261261259999999,0.015216357580000001,0.9726914414,0.9714693295,0.915,,,,0.915,0.93,,,,0.94,0.045,,,0.042499999999999996,,0.04,,,,0.04,27141.0,39758.0,0.21100000000000002,0.022,0.012,0.9670000000000001,0.01,0.0,,,,,,0.05921052631578947,0.010526315789473684,0.05600383184112597,36.900939,-82.05765
109,SALEM CITY PBLC SCHS,3926,260.9,6,3,10448.66667,15.0,1308.7,306.7,215.7,490.8,0.33299999999999996,1.0,0.016,0.061,1.0,0.234203875,0.255772647,0.22822210905,0.23876698011000003,0.024452368819999997,0.028263795419999998,0.14136525730000002,0.2516823688,0.06240448292999999,0.12382234190000001,0.7269485481,0.5397039030999999,0.024294670850000002,0.026126714569999997,0.1413270637,0.23644676679999999,0.07314524556,0.12867406920000002,0.7139498433,0.5551926845,0.9524999999999999,,0.9075,,0.9624999999999999,0.94,1.0,0.85,0.87,0.96,0.030000000000000002,0.07250000000000001,,0.025,,0.04,0.0,0.09,0.13,0.02,25317.0,57165.0,0.091,0.116,0.033,0.853,0.066,0.017,,,,,,0.034129692832764506,0.02218430034129693,0.04629300470039894,37.2879,-80.0531
110,SCOTT CO PBLC SCHS,3512,240.2,14,3,10023.76923,14.6,3512.0,150.7,175.6,209.0,0.643,0.889,0.022000000000000002,0.07400000000000001,0.9285714285714286,0.39898132399999997,0.46641074899999996,0.03388382689,0.0339174675,0.00199316629,0.0,0.00740318907,0.0092969204,0.024487471530000002,0.03776873911,0.9513097950000001,0.9360836723,0.0019785189399999996,0.0,0.008762012440000001,0.00878684807,0.023176936119999998,0.023242630389999998,0.9502543809999999,0.9523809524000001,0.945,,,,0.9474999999999999,0.96,,,,0.97,0.0425,,,0.04,,0.04,,,,0.03,21902.0,39820.0,0.155,0.023,0.013999999999999999,0.966,0.006,0.003,,,,,,0.06672158154859967,0.02800658978583196,0.0554287279700484,36.641273999999996,-82.57599599999999
111,SHENANDOAH CO PBLC SCHS,6002,445.8,10,4,11102.555559999999,13.5,2000.7,107.4,166.7,366.0,0.3,1.0,0.038,0.036000000000000004,0.9,0.353297953,0.375909458,0.18723971346999999,0.19916796675999998,0.0063301682500000005,0.00634920635,0.03115109112,0.04197530864,0.1497584541,0.24832451500000002,0.7694486090000001,0.6476190475999999,0.006240249610000001,0.00664672649,0.03224128965,0.04652708541,0.16068642749999998,0.24459953469999998,0.7581903275999999,0.6513791956999999,0.9575,,,0.89,0.9724999999999999,0.98,,0.95,0.97,0.98,0.025,,,0.015000000000000001,0.0925,0.01,,0.05,0.01,0.01,43224.0,57252.0,0.115,0.09900000000000002,0.07200000000000001,0.8759999999999999,0.018000000000000002,0.009000000000000001,,,,,,0.06397459165154265,0.03312159709618875,0.050990190634832504,38.8888,-78.4997
112,SMYTH CO PBLC SCHS,4268,309.5,14,1,10084.23077,13.8,2134.0,76.1,190.5,201.3,0.5,1.0,0.022000000000000002,0.07200000000000001,0.9285714285714286,0.258636788,0.306547619,0.0559850082,0.059854014600000005,0.00468493792,0.0,0.02131646756,0.027214250369999998,0.02998360272,0.03612073231,0.9344108690999999,0.9257793172,0.005596107060000001,0.0,0.021167883210000002,0.02642369021,0.03309002433,0.044191343960000004,0.9289537713,0.9184510251,0.95,,,,0.9475,0.97,,,,0.96,0.030000000000000002,,,0.030000000000000002,,0.03,,,,0.03,30767.0,40932.0,0.18899999999999997,0.048,0.02,0.941,0.021,0.006999999999999999,,,,,,0.06274078150798018,0.03026967528893781,0.059056781616667206,36.83318,-81.512919
113,SOUTHAMPTON CO PBLC SCHS,2803,180.4,7,1,10295.33333,15.5,2803.0,101.9,155.7,467.2,0.429,1.0,0.098,0.187,0.8571428571428571,0.35359116,0.45514223200000004,0.41312879063,0.42222222225000006,0.0024973243,,0.39422047810000005,0.5841509434000001,0.01641098823,0.01433962264,0.5504816268,0.36,0.0019157088100000004,0.0,0.40229885060000004,0.5918367347,0.01800766284,0.01615646259,0.5432950192,0.3571428571,0.8825,,0.845,,0.91,0.93,,0.92,,0.94,0.07,0.1,,0.05,,0.03,,0.03,,0.03,17880.0,61348.0,0.09,0.338,0.017,0.61,0.319,0.002,,,,,,0.03064798598949212,0.03677758318739054,0.06387024608501118,36.728708000000005,-77.072659
114,SPOTSYLVANIA CO PBLC SCHS,23882,1417.5,34,3,10988.482759999999,16.8,2076.7,44.8,188.0,274.5,0.265,0.889,0.195,0.055999999999999994,0.8529411764705883,0.377796539,0.386234477,0.39370737630999997,0.4182583782,0.02694447931,0.02571833984,0.18204259239999998,0.2500886839,0.1847203046,0.2794430649,0.5282205765,0.3623625399,0.0282601146,0.027383469239999996,0.1901805869,0.24947145880000002,0.1998176767,0.2999093929,0.49800312550000003,0.33595087079999997,0.91,0.9475,0.8925,0.8425,0.9325,0.91,0.96,0.91,0.8,0.94,0.055,0.0575,0.03,0.035,0.1375,0.05,0.0,0.04,0.15,0.03,132833.0,88628.0,0.07,0.278,0.098,0.6809999999999999,0.157,0.023,"46,427",0.057,0.047,0.047,0.085,0.04398582447362935,0.013967062747550553,0.0361130140853553,38.180684,-77.51768
115,STAFFORD CO PBLC SCHS,30086,1769.3,34,3,9783.6,17.0,2005.7,218.5,204.9,354.0,0.235,0.0,0.314,0.066,0.8823529411764706,0.369650415,0.385547786,0.44903718457,0.46800476268,0.03539176627,0.04899658412,0.2004316069,0.2884286934,0.2132138114,0.3244022203,0.46238379809999997,0.2453031597,0.038101717980000005,0.05060506051,0.20894709979999998,0.27933626699999997,0.2209559449,0.3363586359,0.4438169757,0.2454162083,0.9400000000000001,0.9575,0.935,0.9025000000000001,0.9474999999999999,0.95,0.98,0.94,0.93,0.96,0.037500000000000006,0.035,0.027500000000000004,0.0275,0.0775,0.03,0.0,0.04,0.06,0.02,146773.0,111108.0,0.044000000000000004,0.33399999999999996,0.13,0.616,0.172,0.032,"48,092",0.054000000000000006,0.027000000000000003,0.079,0.054000000000000006,0.0430951924918598,0.004596820532465045,0.035571937617954255,38.42423,-77.406611
116,STAUNTON CITY PBLC SCHS,2737,177.8,6,2,11029.0,15.4,1368.5,113.1,248.8,238.0,0.5,1.0,0.11199999999999999,0.015,0.8333333333333335,0.24723247199999998,0.198254364,0.24068663253,0.23398542390000002,0.01533966399,0.0,0.1632578524,0.2277039848,0.06208911614,0.07779886148,0.6292914536,0.5370018975,0.0141925585,0.00878734622,0.1530494822,0.21001757470000001,0.0667433832,0.07908611599,0.6306098964,0.5360281195000001,0.9025000000000001,,0.9149999999999999,,0.9,0.92,,0.94,1.0,0.92,0.05500000000000001,0.0325,,0.0575,,0.02,,0.0,0.0,0.02,24432.0,52611.0,0.111,0.155,0.031,0.8109999999999999,0.11,0.013999999999999999,,,,,,0.031545741324921134,0.019558359621451103,0.06487393582187295,38.1493,-79.074
117,SUFFOLK CITY PBLC SCHS,14322,995.2,22,3,10407.36842,14.4,2864.4,136.0,188.4,596.8,0.409,1.0,0.02,0.032,0.8636363636363636,0.251558603,0.334231806,0.62207638066,0.63739274638,0.01570899951,0.01260257913,0.5486978985,0.7042790152,0.05766948265,0.05216881594,0.3150876213,0.17848769050000002,0.015357992650000001,0.01281304601,0.5624774677,0.7114152592,0.059557286029999996,0.05416423995,0.2970653976,0.1636575422,0.8775,0.9025,0.86,0.9,0.91,0.87,1.0,0.85,0.85,0.9,0.0675,0.085,0.037500000000000006,0.04,0.08,0.06,0.0,0.08,0.1,0.04,90093.0,74884.0,0.10400000000000001,0.473,0.044000000000000004,0.493,0.41,0.019,"34,597",0.08900000000000001,0.07,0.133,0.16,0.05869074492099323,0.022573363431151242,0.04425427058706004,36.728235,-76.58293499999999
118,SURRY CO PBLC SCHS,738,79.0,3,1,20402.33333,9.3,738.0,45.8,123.0,184.5,0.667,0.0,0.021,0.083,1.0,0.323353293,0.298136646,,0.5611192931,,,0.5284552846,0.6382488479,0.02032520325,0.0,0.3956639566,0.3133640553,0.00147275405,,0.5405007364,0.6162528217,0.019145802649999998,0.02257336343,0.3888070692,0.3250564334,0.9299999999999999,,0.9600000000000001,,0.8725,0.93,,0.98,,0.93,0.04,0.02,,0.0875,,0.02,,0.0,,0.0,6523.0,57962.0,0.159,0.452,0.006,0.526,0.444,0.002,,,,,,0.06072874493927125,0.020242914979757085,0.03786601257090296,37.133858000000004,-76.834873
119,SUSSEX CO PBLC SCHS,1091,92.6,3,1,16809.33333,11.8,1091.0,545.5,121.2,242.4,0.667,1.0,0.149,0.04,1.0,0.33490566,0.326923077,0.77077625575,0.76937799044,0.00273972603,,0.7260273973,0.7826923077,0.04200913242,0.03269230769,0.21552511419999998,0.1846153846,0.005741626789999999,0.0,0.7177033493,0.7601296596,0.045933014349999995,0.0340356564,0.20956937799999997,0.18476499189999998,0.8775,,0.9025000000000001,,0.7925,0.87,,0.88,,0.83,0.0575,0.0475,,0.10250000000000001,,0.09,,0.07,,0.17,11377.0,49487.0,0.131,0.592,0.03,0.38299999999999995,0.5489999999999999,0.013000000000000001,,,,,,0.04628330995792426,0.0182328190743338,0.06267029972752043,36.920741,-77.257769
120,TAZEWELL CO PBLC SCHS,5585,351.0,14,4,8637.461538,15.9,2792.5,58.2,214.8,446.8,0.5,1.0,0.08199999999999999,0.037000000000000005,0.9285714285714286,0.32788104100000004,0.304415182,0.040286481650000004,0.042525773190000005,0.00626678603,0.00480109739,0.024709042080000004,0.03737997257,0.00931065354,0.010973936900000002,0.927305282,0.9070644719000001,0.0058910162,0.00392017106,0.02687776141,0.03813257306,0.00975699558,0.01282965075,0.9267304859999999,0.9080541696000001,0.905,,,,0.9075000000000001,0.94,,,,0.95,0.05750000000000001,,,0.05750000000000001,,0.03,,,,0.03,41603.0,42099.0,0.175,0.047,0.01,0.9390000000000001,0.031,0.006,,,,,,0.03683083511777302,0.010278372591006424,0.05612576016152681,37.128753,-81.527598
121,VA BEACH CITY PBLC SCHS,68706,4244.5,87,2,11464.2561,16.2,1779.9,158.5,172.0,227.4,0.195,1.0,0.037000000000000005,0.004,0.9425287356321839,0.30406524,0.324359475,0.41623730098,0.42685789189,0.06129013477999999,0.053265090009999995,0.2304747766,0.38369219909999996,0.1244723896,0.1580656548,0.4766541496,0.28962230850000004,0.06325062489,0.05558231741,0.23489605560000001,0.3846666914,0.1287112114,0.156482751,0.4615619094,0.2854337274,0.925,0.9724999999999999,0.9,0.905,0.9349999999999999,0.94,0.98,0.92,0.92,0.95,0.04,0.055,0.0175,0.030000000000000002,0.065,0.03,0.01,0.04,0.05,0.02,450201.0,76610.0,0.073,0.33199999999999996,0.08199999999999999,0.617,0.184,0.066,"175,029",0.064,0.034,0.08800000000000001,0.07200000000000001,0.0449816585483192,0.009020386072523904,0.03693683488042008,36.750911,-76.06055500000001
122,WARREN CO PBLC SCHS,5372,372.1,9,4,10417.11111,14.4,1790.7,134.3,179.1,298.4,0.444,1.0,0.16699999999999998,0.011000000000000001,1.0,0.332258065,0.340163934,0.14620535715,0.15639534884,0.01097470238,0.008429458740000001,0.053757440479999995,0.08695652173999999,0.08147321429,0.1211180124,0.7788318452,0.6818988465,0.01027131783,0.010968921390000002,0.05658914729,0.09049360146,0.08953488372000001,0.1229433272,0.7672480620000001,0.6777879341999999,0.94,,0.9299999999999999,0.9075,0.945,0.97,,1.0,0.91,0.98,0.0325,0.0275,,0.0275,0.0625,0.02,,0.0,0.09,0.01,39492.0,69116.0,0.099,0.099,0.046,0.868,0.042,0.011000000000000001,,,,,,0.05191873589164785,0.024830699774266364,0.033652385293223945,38.92217,-78.191891
123,WASHINGTON CO PBLC SCHS,7050,496.6,16,1,10317.66667,14.2,2350.0,36.5,227.4,293.8,0.43799999999999994,0.28600000000000003,0.021,0.016,0.9375,0.34344660200000005,0.34401025,0.04934770278,0.05088757396,0.0100680658,0.00884665793,0.01049347703,0.01572739187,0.02878615995,0.04357798165,0.9268292683,0.9030144167999999,0.0099112426,0.00933684463,0.01094674556,0.015082595159999998,0.0300295858,0.03854440986,0.9233727811,0.9085468039,0.9474999999999999,,,,0.9474999999999999,0.96,,,0.93,0.97,0.03,,,0.0275,,0.02,,,0.07,0.01,54071.0,48495.0,0.146,0.034,0.015,0.953,0.013000000000000001,0.006,,,,,,0.06296296296296296,0.014814814814814815,0.05492778014092582,36.72211,-81.954421
124,WAYNESBORO CITY PBLC SCHS,2961,191.7,7,3,11234.0,15.4,1480.5,115.2,164.5,722.2,0.28600000000000003,1.0,0.075,0.008,0.8571428571428571,0.279034691,0.324031008,0.34549138809,0.36856554567,0.011144883490000002,0.00785340314,0.15771698750000002,0.2159685864,0.17662951710000002,0.22447643979999998,0.5369807497,0.4247382199,0.011667810570000001,0.01054590571,0.1681537406,0.2183622829,0.18874399449999998,0.2487593052,0.5147563487,0.4001240695,0.855,,0.8099999999999999,0.825,0.8724999999999999,0.86,,0.84,0.8,0.86,0.07,0.08499999999999999,,0.052500000000000005,0.1325,0.09,,0.08,0.16,0.08,22140.0,45011.0,0.168,0.226,0.081,0.7509999999999999,0.134,0.011000000000000001,,,,,,0.03098827470686767,0.010887772194304857,0.05392953929539295,38.0682,-78.8951
125,WEST POINT PBLC SCHS,802,62.7,2,4,15213.5,12.8,,286.4,133.7,229.1,0.5,0.0,0.013999999999999999,0.057999999999999996,1.0,,,0.17581047379999998,0.18532338307000001,0.021197007480000002,0.0,0.10473815460000001,0.2189781022,0.049875311719999996,0.10218978100000001,0.7119700748,0.5,0.02611940299,0.0,0.1094527363,0.2277580071,0.04975124378,0.1138790036,0.697761194,0.5017793594,0.9724999999999999,,,,0.9774999999999999,0.97,,,,0.98,0.015,,,0.0125,,0.03,,,,0.02,,,,,,,,,,,,,,,,,37.538779,-76.800279
126,WESTMORELAND CO PBLC SCHS,1603,127.9,4,1,13148.0,12.5,1603.0,69.7,160.3,262.8,0.5,1.0,0.055,0.08199999999999999,1.0,0.230434783,0.254901961,0.53961322527,0.54457364343,0.00249532127,0.0,0.3973799127,0.4407894737,0.1397379913,0.1851503759,0.3880224579,0.3054511278,0.00258397933,0.0,0.3869509044,0.4431256182,0.1550387597,0.1819980218,0.3779069767,0.2908011869,0.9225000000000001,,0.925,,0.92,0.97,,0.98,0.93,0.98,0.04,0.0325,,0.045,,0.02,,0.02,0.07,0.0,17751.0,53853.0,0.149,0.33,0.065,0.639,0.259,0.006,,,,,,0.06213872832369942,0.01300578034682081,0.038983719227085795,38.091770000000004,-76.805621
127,WILLIAMSBURG-JAMES CITY PBLC SCHS,11639,736.9,16,3,12108.1875,15.8,1662.7,80.7,168.7,332.5,0.43799999999999994,0.14300000000000002,0.027000000000000003,0.013000000000000001,1.0,,,0.34002541297,0.35446556672999996,0.02795425667,0.019038320719999998,0.17289284200000002,0.34757139369999995,0.1391783143,0.2536001953,0.5745023295,0.27898462290000003,0.028963414630000003,0.02270011947,0.1806850789,0.3311827957,0.1448170732,0.25280764640000003,0.5538916786,0.2896057348,0.9225000000000001,0.9675,0.895,0.8049999999999999,0.94,0.91,0.97,0.91,0.76,0.95,0.035,0.045000000000000005,0.0,0.022500000000000003,0.1325,0.04,0.0,0.06,0.18,0.01,89843.0,57463.0,0.28,0.497,0.129,1.433,0.27899999999999997,0.08900000000000001,,,,,,0.054078014184397165,0.015957446808510637,0.02511047048740581,37.2903,-76.7261
128,WINCHESTER CITY PBLC SCHS,4387,343.3,7,2,12881.28571,12.8,1096.8,137.1,217.2,315.6,0.5710000000000001,1.0,0.024,0.044000000000000004,1.0,0.175066313,0.209427609,0.5214025500899999,0.53244319518,0.02117486339,0.012095339739999999,0.10701275049999999,0.1294912842,0.3932149362,0.5275702597,0.3927595628,0.2379935966,0.02014523308,0.013513513509999998,0.10681658470000001,0.13015647230000002,0.4054813774,0.527027027,0.3780744905,0.2322190612,0.905,,0.8850000000000001,0.8575,0.9325,0.89,,0.84,0.85,0.94,0.060000000000000005,0.07,,0.035,0.115,0.07,,0.08,0.12,0.02,27897.0,58818.0,0.163,0.29900000000000004,0.17800000000000002,0.66,0.1,0.021,,,,,,0.04608853850818678,0.006064281382656155,0.0591102985984156,39.1852,-78.1684
129,WISE CO PBLC SCHS,5631,399.6,13,4,8715.272727,14.1,1877.0,140.4,187.7,1126.2,0.385,1.0,0.040999999999999995,0.0,0.8461538461538461,0.282103825,0.239160839,0.03424414479,0.03554673403,0.0033711852399999995,0.0,0.02022711143,0.026766917289999997,0.01064584812,0.01323308271,0.9485450674,0.9392481202999999,0.00288704439,0.0,0.02002887044,0.0233411137,0.0126308192,0.014004668219999999,0.9453265969,0.9413137713,0.9624999999999999,,,,0.9624999999999999,0.98,,,,0.98,0.03,,,0.03,,0.01,,,,0.01,38486.0,38888.0,0.221,0.069,0.012,0.915,0.053,0.004,,,,,,0.05239742956005932,0.028670291646070194,0.052564568934157875,36.980836,-82.56876700000001
130,WYTHE CO PBLC SCHS,3982,271.1,13,1,10139.91667,14.7,3982.0,517.1,163.2,252.0,0.462,1.0,0.034,0.071,0.923076923076923,0.255919854,0.27962963,0.056755399299999995,0.056765163290000004,0.004520341539999999,0.0,0.037920642889999995,0.053873781429999996,0.014314414869999998,0.01898409441,0.9201406328,0.8978963571,0.00414722654,0.0,0.03162260238,0.04739583333,0.020995334369999997,0.0296875,0.9149818559,0.8859375,0.93,,0.7725,,0.9375,0.94,,1.0,,0.93,0.0525,0.14250000000000002,,0.0425,,0.05,,0.0,,0.05,28844.0,49364.0,0.14800000000000002,0.046,0.013000000000000001,0.938,0.028999999999999998,0.004,,,,,,0.05263157894736842,0.02135774218154081,0.04545139370406324,36.9418,-81.1035
131,YORK CO PBLC SCHS,12978,827.2,19,3,10531.84211,15.7,1622.2,72.2,204.4,360.5,0.158,1.0,0.027999999999999997,0.018000000000000002,1.0,0.372392871,0.415327565,0.29755764562,0.31059878324,0.05999696602,0.053619302949999996,0.12196601940000001,0.2198391421,0.1155946602,0.1658847185,0.5910952669999999,0.4329758713,0.06308037144,0.06081300812999999,0.1320845341,0.23349593500000002,0.1154338777,0.15804878049999999,0.5712455972,0.4243902439,0.9624999999999999,0.9825,0.9525,0.9524999999999999,0.9675,0.97,1.0,0.98,0.98,0.96,0.02,0.02,0.005,0.015,0.04,0.03,0.0,0.02,0.01,0.03,67982.0,92069.0,0.049,0.247,0.064,0.7070000000000001,0.128,0.055,"26,008",0.054000000000000006,0.045,0.09699999999999999,0.094,0.024456521739130436,0.008152173913043478,0.021652790444529436,37.1629,-76.456721
